rank,rank_change,artist_name,video_name,view_count,highlights
1,NEW,JLEXIS X MICHAEL FLORES X SHADOW BLOW X ALOFOKE MUSIC,ME TOCO VERTE BRILLAR,17,"#1 United States, #1 Colombia, #22 Argentina"
2,NEW,Paulo Londra,1% (feat. Eladio CarriÃ³n) [Official Video],18,"#19 Mexico, #7 Argentina, #7 Peru"
3,NEW,Alex Torres X Luis R Conriquez X Anuel AA,Por Si Se Les Olvidaba (REMIX) [Video Oficial],15,"#7 Mexico, #31 United States, #22 Colombia"
4,-2,ES UN SECRETO,Plan B,11,"#16 Colombia, #45 Mexico, #25 Peru"
5,NEW,ì§ (Jin) 'RUNSEOKJIN_EP.TOUR' THE MOVIE Main Trailer,ì§ (Jin) 'RUNSEOKJIN_EP.TOUR' THE MOVIE Main Trailer,4,"#17 Mexico, #8 Japan, #26 Colombia"
6,NEW,Ysrael Barajas,NOAH & ALLIE (Video OficialÂ ),8,"#4 Mexico, #1 Guatemala, #16 Bolivia"
7,-6,TOUCH,JASP.ER [ OFFICIAL MV ],7,"#1 Thailand, #19 Indonesia, #36 Malaysia"
8,NEW,"Ice Spice, Tokischa",Thootie,5,"#7 United States, #10 Dominican Republic, #42 Colombia"
9,NEW,Los Parras,Especial - (Video Oficial),3,"#1 Mexico, #46 United States, #46 Colombia"
10,NEW,"Justin Quiles, Lenny TavÃ¡rez, Blessd",LAS NEAS (Video Oficial),6,"#13 Colombia, #49 Argentina, #48 Peru"
11,NEW,La Perversa ,Tu La Tiene  (Video Oficial) @mapanegromusiic,6,"#22 United States, #4 Dominican Republic, #44 Colombia"
12,=,BLOK3,KUSURA BAKMA (Official Music Video),12,"#4 Turkey, #1 Azerbaijan, #16 Bulgaria"
13,-3,BAROTA (MUSIC VIDEO) SIDHU MOOSE WALA | THE KIDD | LATEST PUNJABI SONGS 2025,BAROTA (MUSIC VIDEO) SIDHU MOOSE WALA | THE KIDD | LATEST PUNJABI SONGS 2025,18,"#1 Pakistan, #16 Malaysia, #16 Australia"
14,NEW,Top 50 Christmas Songs of All Time ð Best Christmas Music Playlist,Top 50 Christmas Songs of All Time ð Best Christmas Music Playlist,3,"#4 United States, #4 United Kingdom, #1 Canada"
15,-6,Melhem Zein,Tol'et Shamsa | ÙÙØ­Ù Ø²ÙÙ - Ø·ÙØ¹Øª Ø´ÙØ³Ø§,8,"#7 Saudi Arabia, #9 Morocco, #1 Jordan"
16,NEW,manifest,AmatÃ¶r | Official Music Video,9,"#1 Turkey, #22 Germany, #13 Azerbaijan"
17,NEW,SALI A BUSCARLE,SALI A BUSCARLE,2,"#22 Mexico, #28 United States"
18,NEW,Tommy lee Sparta,Dirth Day | Official Music Video,4,"#13 United States, #10 United Kingdom, #4 Canada"
19,-11,Jador x Carmen de la Salciua,"Ce faci, eÈti bine? | Official Video",7,"#1 Romania, #16 Italy, #49 Spain"
20,NEW,Shaky ( Official #Video ) Sanju Rathod Ft. Isha Malviya | G-Spark | New #Marathi Songs 2025,Shaky ( Official #Video ) Sanju Rathod Ft. Isha Malviya | G-Spark | New #Marathi Songs 2025,3,"#4 India, #48 United Kingdom, #10 United Arab Emirates"
21,-18,Gianluca Grignani,Mi Historia Entre Tus Dedos,6,"#36 Colombia, #44 Peru, #24 Guatemala"
22,NEW,JosÃ© Madero,Te Veo a la Vuelta,4,"#13 Mexico, #24 Bolivia, #48 Guatemala"
23,-12,Richard (Official Video) | Ø±ÙØªØ´Ø§Ø±Ø¯,ÙÙÙØ§ÙØ§ - Ø§ØºÙÙØ© Ø³ÙØ±ÙØ©,7,"#1 Saudi Arabia, #49 Algeria, #4 Jordan"
24,NEW,HANA / NON STOP -Music Video-,HANA / NON STOP -Music Video-,3,"#1 Japan, #22 Canada, #28 Australia"
25,NEW,"Luciano Pereyra, The La Planta, Un Poco De Ruido, Pinky SD",Es Mi Culpa - VersiÃ³n Cumbia,3,"#1 Argentina, #50 Chile, #1 Uruguay"
26,NEW,DOMOTOÂ -Â æã®ããã¾ãÂ /Â THEÂ FIRSTÂ TAKE,DOMOTOÂ -Â æã®ããã¾ãÂ /Â THEÂ FIRSTÂ TAKE,2,"#4 Japan, #22 Taiwan"
27,NEW,Titli : Sabba | Gur Sidhu (Official Video) New Punjabi Song 2025,Titli : Sabba | Gur Sidhu (Official Video) New Punjabi Song 2025,3,"#19 India, #19 Canada, #1 United Arab Emirates"
28,-23,Fuerza Regida,TU SANCHO (LYRICS),4,"#41 Mexico, #16 Guatemala, #19 Honduras"
29,-10,ì¸ì¬ Panorama,ì¸ì¬ Panorama,3,"#13 South Korea, #4 Taiwan, #23 Hong Kong"
30,NEW,Polo G & G Herbo,Gangsta Graduation (Official Video),2,"#16 United States, #28 United Kingdom"
31,NEW,A Boogie Wit da Hoodie,Last Drink [Official Music Video],2,"#25 United States, #19 United Kingdom"
32,-6,Charlie Puth,Attention (Lyrics),3,"#7 Malaysia, #41 Vietnam, #43 Morocco"
33,+1,Top 2 Hour Christmas Songs ð Best Christmas Music Playlist,Top 2 Hour Christmas Songs ð Best Christmas Music Playlist,4,"#7 Philippines, #27 United Arab Emirates, #1 Ireland"
34,NEW,Fuerza Regida,Pero No Te Enamores (Letra),2,"#28 Mexico, #22 Guatemala"
35,NEW,La T y La M,Soy Favela (Official Audio),2,"#4 Argentina, #23 Uruguay"
36,-1,"Jakone, Kiliana",ÐÐ¸Ð³Ð°Ð½ÑÐºÐ°Ñ (official video),5,"#19 Ukraine, #14 Kazakhstan, #1 Georgia"
37,-14,Didine canon 16,Toxic,4,"#21 Algeria, #37 Morocco, #16 Tunisia"
38,NEW,Ø¨ÙÙ ÙÙØ§ Ø¨ÙØ§ Ø¨ÙÙ,Ø¨ÙÙ ÙÙØ§ Ø¨ÙØ§ Ø¨ÙÙ,2,"#13 Algeria, #11 Morocco"
39,NEW,"Hum Dono | Tu Meri Main Tera Main Tera Tu Meri | Kartik Aaryan, Ananya Panday, Shekhar,Shruti,Vishal","Hum Dono | Tu Meri Main Tera Main Tera Tu Meri | Kartik Aaryan, Ananya Panday, Shekhar,Shruti,Vishal",3,"#31 India, #43 Canada, #7 United Arab Emirates"
40,+10,ÙØªØªØºØ±ÙØ´ ÙÙ ØªØ±Ø¨ÙØªÙ,ÙØªØªØºØ±ÙØ´ ÙÙ ØªØ±Ø¨ÙØªÙ,2,"#13 Egypt, #10 Saudi Arabia"
41,+22,"Tere Ishk Mein: Trailer (Telugu) | Dhanush, Kriti S | AR Rahman | Aanand L Rai | Bhushan K | 28 Nov","Tere Ishk Mein: Trailer (Telugu) | Dhanush, Kriti S | AR Rahman | Aanand L Rai | Bhushan K | 28 Nov",2,"#23 India, #46 United Arab Emirates"
42,-24,"Stray Kids ""ì ì ëì (DIVINE)"" M/V","Stray Kids ""ì ì ëì (DIVINE)"" M/V",10,"#18 Malaysia, #22 Lebanon, #35 Jordan"
43,NEW,Avenged Sevenfold,Magic (Official VR 360Â° Video),3,"#37 United States, #37 United Kingdom, #40 Canada"
44,+73,Majitha (Official Video) | Shree Brar | Gurlez Akhtar | Sara Gurpal | Gur Dhillon | New Punjabi Song,Majitha (Official Video) | Shree Brar | Gurlez Akhtar | Sara Gurpal | Gur Dhillon | New Punjabi Song,4,"#49 India, #10 Canada, #19 Australia"
45,+8,BeÃ©le,si te pillara (LETRA),4,"#40 Peru, #20 Ecuador, #45 Dominican Republic"
46,NEW,"Ozuna, BeÃ©le",Se Ve (Visualizer),2,"#25 Colombia, #46 Peru"
47,-4,BABYMONSTER,âPSYCHOâ M/V,11,"#4 Malaysia, #30 Lebanon, #13 Hong Kong"
48,-15,Ramy Gamal,Wadateny [Official Lyrics Video] | Ø±Ø§ÙÙ Ø¬ÙØ§Ù - ÙØ¯Ø¹ØªÙÙÙ,5,"#39 Egypt, #11 Jordan, #44 Saudi Arabia"
49,NEW,Nassif Zeytoun,Baketni Ya Leil [Official Visualizer] (2025) / ÙØ§ØµÙÙ Ø²ÙØªÙÙ - Ø¨ÙÙÙØªÙÙ ÙØ§ ÙÙÙ,2,"#17 Egypt, #39 Algeria"
50,-35,"MC Ryan SP, MC MenoK, MC LUUKY, MC GP, NegÃ£o Original, Mc Brinquedo, Mc Fejuca-THE BOX MEDLEY FUNK10","MC Ryan SP, MC MenoK, MC LUUKY, MC GP, NegÃ£o Original, Mc Brinquedo, Mc Fejuca-THE BOX MEDLEY FUNK10",2,"#28 Brazil, #25 Portugal"
51,NEW,"No lo EngaÃ±es MÃ¡s, Vol.2",Hernan y La Champions Liga x Ian Lucas x Marama,2,"#16 Argentina, #15 Uruguay"
52,=,Sawaal Puchdi (Official Video) | Yo Yo Honey Singh | Bohemia | 51 Glorious Days | Bhushan Kumar,Sawaal Puchdi (Official Video) | Yo Yo Honey Singh | Bohemia | 51 Glorious Days | Bhushan Kumar,4,"#4 Pakistan, #43 Kuwait, #28 New Zealand"
53,-5,SNOKONOKO,SNOKONOKO,3,"#7 South Africa, #16 Nigeria, #48 Zimbabwe"
54,NEW,"Carla Morrison, Pablo AlborÃ¡n",Si Te Quedas (Official Video),2,"#49 Mexico, #40 Spain"
55,-48,Maluma,BorrÃ³ Cassette (Letra / Lyrics),6,"#34 Guatemala, #30 Bolivia, #20 Paraguay"
56,+4,Ishq Da Saagar (Main Ishq Da Banda Tu Ishq Da Malik),Ishq Da Saagar (Main Ishq Da Banda Tu Ishq Da Malik),2,"#10 Pakistan, #16 United Arab Emirates"
57,-17,Love is you,Love is you,2,"#23 South Korea, #48 Taiwan"
58,-16,Ø³ÙÙÙÙ | Ø§Ø³ÙØ¹ Ø§ÙØ­ÙÙÙÙ | ÙØ´ ÙØ§Øª | SLOW MOE,Ø³ÙÙÙÙ | Ø§Ø³ÙØ¹ Ø§ÙØ­ÙÙÙÙ | ÙØ´ ÙØ§Øª | SLOW MOE,6,"#13 Saudi Arabia, #13 Jordan, #27 Libya"
59,-20,Ø§ÙØ§ Ø§ÙØ°Ù Ø§ÙØºØ±Ø§Ù ÙØªÙÙÙ ( Ø§ÙØ§ Ø¨ØªØ´Ø±Ù Ø§ÙÙ ØµØ§Ø­Ø¨Ù ) Ø¹ØµØ§Ù ØµØ§ØµØ§ Ù ÙÙÙÙ Ø§ÙØ¯ÙØ¨ ÙØ§Ø³ÙØ§Ù ÙØ§Ø¨ÙÙØ¬Ø§ ØªÙØ²ÙØ¹ ÙÙÙÙ Ø§ÙØ¯ÙØ¨,Ø§ÙØ§ Ø§ÙØ°Ù Ø§ÙØºØ±Ø§Ù ÙØªÙÙÙ ( Ø§ÙØ§ Ø¨ØªØ´Ø±Ù Ø§ÙÙ ØµØ§Ø­Ø¨Ù ) Ø¹ØµØ§Ù ØµØ§ØµØ§ Ù ÙÙÙÙ Ø§ÙØ¯ÙØ¨ ÙØ§Ø³ÙØ§Ù ÙØ§Ø¨ÙÙØ¬Ø§ ØªÙØ²ÙØ¹ ÙÙÙÙ Ø§ÙØ¯ÙØ¨,2,"#4 Egypt, #15 Libya"
60,-43,TAEYEON íì° 'ì¸ì¬ (Panorama)' MV,TAEYEON íì° 'ì¸ì¬ (Panorama)' MV,4,"#1 Taiwan, #44 Malaysia, #16 Hong Kong"
61,-40,Pawan Singh New Song | Dhamaka | Trishakar Madhu | Power Star | New Bhojpuri Song | Bhojpuri Gana,Pawan Singh New Song | Dhamaka | Trishakar Madhu | Power Star | New Bhojpuri Song | Bhojpuri Gana,2,"#40 India, #42 United Arab Emirates"
62,=,Buen Camino | Trailer Ufficiale | Dal 25 dicembre al cinema,Buen Camino | Trailer Ufficiale | Dal 25 dicembre al cinema,2,"#2 Italy, #14 Switzerland"
63,-16,Nabil,Tayeh Fel Amaken | ÙØ¨ÙÙ - ØªØ§ÙÙ ÙÙ Ø§ÙØ£ÙØ§ÙÙ,2,"#31 Egypt, #25 Saudi Arabia"
64,=,Bedoes 2115 & Kubi Producent,KamieÅ z serca,3,"#4 Poland, #28 Netherlands, #19 Norway"
65,NEW,JESSE  &  JOY, Â¡CORRE! (LETRA),2,"#34 Peru, #20 Guatemala"
66,+11,Dara 306,ÙØ§Ø±Ø¦Ø© Ø§ÙÙÙØ¬Ø§Ù (Official Lyrical Video),3,"#7 Morocco, #28 Tunisia, #13 Libya"
67,-16,Bta3ty Ana,Amr Gaber | Ø¨ØªØ§Ø¹ØªÙ Ø§ÙØ§ (ÙÙ Ø§ÙØ´Ø±Ø¹ ÙØ§Ù Ø§Ø±Ø¨Ø¹Ø©)- Ø¹ÙØ±Ù Ø¬Ø§Ø¨Ø±,2,"#23 Egypt, #42 Saudi Arabia"
68,NEW,Luke Combs,Giving Her Away (Official Studio Video),3,"#13 United Kingdom, #13 Canada, #34 Australia"
69,-13,CENTRAL CEE,BOOGA (MUSIC VIDEO),13,"#27 Kenya, #46 Tunisia, #44 Portugal"
70,NEW,BOBBY VANDAMME x 3ROBI,HaHa ! [official Video],2,"#7 Germany, #23 Morocco"
71,-5,Ø¹ÙØ±Ù ÙØµØ·ÙÙ Ù Ø²ÙØ§Ø¯ Ø¸Ø§Ø¸Ø§ Ù ÙØ¹ØªØ² ÙØ§Ø¶Ù | Ø¨Ø¹ØªÙÙÙ ÙÙÙ ÙÙ Ø±ÙØ¯ Ø¨ÙÙ ÙØ²ÙÙØ§ ØµØ§ÙÙÙØ§Øª Ø§ÙÙÙØ³Ù Ø§ÙØ³Ø§Ø¯Ø³,Ø¹ÙØ±Ù ÙØµØ·ÙÙ Ù Ø²ÙØ§Ø¯ Ø¸Ø§Ø¸Ø§ Ù ÙØ¹ØªØ² ÙØ§Ø¶Ù | Ø¨Ø¹ØªÙÙÙ ÙÙÙ ÙÙ Ø±ÙØ¯ Ø¨ÙÙ ÙØ²ÙÙØ§ ØµØ§ÙÙÙØ§Øª Ø§ÙÙÙØ³Ù Ø§ÙØ³Ø§Ø¯Ø³,4,"#31 Morocco, #9 Jordan, #29 Libya"
72,-44,"Eugenia Quevedo, Roze Oficial, Big One",Para Repetir | CROSSOVER #11,2,"#35 Argentina, #19 Uruguay"
73,-5,ILLIT (ìì¼ë¦¿) 'NOT CUTE ANYMOREâ Official MV,ILLIT (ìì¼ë¦¿) 'NOT CUTE ANYMOREâ Official MV,7,"#10 Malaysia, #31 Hong Kong, #19 Singapore"
74,NEW,å½æ,å½æ,2,"#47 South Korea, #32 Taiwan"
75,-2,DIORå¤§ç©æ¼å±æä¸»é¡æ²,Kampung Girlæ®éäºº - (Official MVï¼,2,"#1 Malaysia, #4 Singapore"
76,NEW,VÃ­ctor Manuelle,He Tratado (Letra),2,"#48 Colombia, #26 Ecuador"
77,+1,Marc Anthony,QuÃ© Precio Tiene El Cielo (Letra),3,"#39 Dominican Republic, #26 Guatemala, #19 Costa Rica"
78,+12,Romeo Santos,Imitadora (Letra/Lyrics),5,"#16 Paraguay, #33 Honduras, #12 Nicaragua"
79,-35,Grupo Firme,El Beneficio De La Duda (Letra),5,"#38 Bolivia, #1 El Salvador, #39 Honduras"
80,NEW,ÐÐ»Ð°Ð²Ð° ÐÐ¾ÐºÐ°,Ð¡ÐÐÐÐ¢ÐÐ. Ð¨Ð£Ð. ÐÐ£Ð.  (ÐÐ»Ð¸Ð¿ 2025),4,"#25 Germany, #1 Russia, #4 Belarus"
81,-32,"REIK ,OZUNA, WISIN",ME NIEGO (LETRA),2,"#13 Ecuador, #13 Bolivia"
82,-15,"Stray Kids ""Do It"" M/V","Stray Kids ""Do It"" M/V",20,"#36 Czech Republic, #23 Georgia, #25 Belgium"
83,-18,Tea Tairovic,Severna latina (Official Video | Album ASKA II) 2025,8,"#1 Serbia, #35 Bulgaria, #1 Bosnia and Herzegovina"
84,NEW,OMER DEEP,Homay (Original Mix),2,"#37 Algeria, #19 Russia"
85,+9,Salute (Official Music Video) Sikandar | Bohemia | Latest Punjabi Songs 2025,Salute (Official Music Video) Sikandar | Bohemia | Latest Punjabi Songs 2025,2,"#31 Pakistan, #39 United Arab Emirates"
86,-6,"Gehra Hua | Dhurandhar | Ranveer Singh, Sara Arjun, Shashwat Sachdev, Arijit Singh | Irshad Kamil","Gehra Hua | Dhurandhar | Ranveer Singh, Sara Arjun, Shashwat Sachdev, Arijit Singh | Irshad Kamil",2,"#28 Pakistan, #13 Qatar"
87,-11,æå¥½çæ,æå¥½çæ,2,"#34 Malaysia, #30 Taiwan"
88,-5,Jhaliko à¤à¤²à¤¿à¤à¥,Arjun Sapkota | Melina Rai | Samikshya Adhikari | Kusum Bhandari | New Nepali Song,2,"#4 Nepal, #36 Qatar"
89,-8,"DJ Maphorisa, Xduppy & Kabza De Small",Bakho (Official Music Video) feat. Nkosazana Daughterâ¦,2,"#25 South Africa, #32 Zimbabwe"
90,NEW,Dalvin La melodiÌa,Navidad Sin Ti ( Official Video ),2,"#13 Dominican Republic, #7 Puerto Rico"
91,NEW,SadiQ x KC Rebell x DÃº Maroc x Kolja Goldstein,Ombre Nomade [Sillage] #2,3,"#1 Germany, #1 Austria, #13 Switzerland"
92,NEW,ÐÐ¾ÑÐºÐ¾Ð¹ ÑÑÐ¼Ð½Ð¾Ð¹,ÐÐ¾ÑÐºÐ¾Ð¹ ÑÑÐ¼Ð½Ð¾Ð¹,3,"#49 Ukraine, #29 Russia, #33 Belarus"
93,=,NOT CUTE ANYMORE,NOT CUTE ANYMORE,2,"#32 Malaysia, #19 Hong Kong"
94,-12,Maha Ftouni,Mareed (Official Lyric Video) | ÙÙÙ ÙØªÙÙÙ - ÙØ±ÙØ¶,3,"#14 Lebanon, #27 Jordan, #34 Kuwait"
95,-89,Roberto Carlos,Cama y Mesa (Letra/Lyrics),3,"#40 Guatemala, #41 Honduras, #30 Nicaragua"
96,+2,Ismaeil Tamr (Official Lyric Video) | Ø§Ø³ÙØ§Ø¹ÙÙ ØªÙØ±,Ø¨ÙÙ Ø§ÙØ¹ØµØ± ÙØ§ÙÙØºØ±Ø¨ (Ø³ÙØ±ÙØ© Ø­Ø±Ø©),2,"#12 Lebanon, #29 Jordan"
97,-11,DESH X YOUNG FLY X AZAHRIAH,KARÃCSONYI DAL (Official Music Video),3,"#1 Hungary, #4 Slovakia, #10 Austria"
98,NEW,Ø¯ÙØ¬Ù ØµØ§Ø¯Ù,Ø¯ÙØ¬Ù ØµØ§Ø¯Ù,2,"#8 Tunisia, #10 Libya"
99,=,ÙÙÙ Ø®Ø°Ø§ÙØ§ || Ø±Ø§Ø´Ø¯ Ø§ÙØ¨Ø±ÙÙ lin khudhaha || rashid albarki Ø§ÙÙØ³Ø®Ù Ø§ÙØ§ØµÙÙÙ 2026,ÙÙÙ Ø®Ø°Ø§ÙØ§ || Ø±Ø§Ø´Ø¯ Ø§ÙØ¨Ø±ÙÙ lin khudhaha || rashid albarki Ø§ÙÙØ³Ø®Ù Ø§ÙØ§ØµÙÙÙ 2026,2,"#10 Tunisia, #7 Libya"
100,-13,Preciosa Sangre,Preciosa Sangre,2,"#28 Guatemala, #10 Nicaragua"
101,NEW,Taw Tra / ØªÙ ØªØ±Ù,Taw Tra / ØªÙ ØªØ±Ù,2,"#4 Tunisia, #25 Libya"
102,NEW,Low Rider,Low Rider,2,"#7 Canada, #40 Australia"
103,NEW,Me toco verte brillar,Me toco verte brillar,2,"#37 Dominican Republic, #4 Puerto Rico"
104,NEW,GReeeN,HIGHNACHTSMANN 3 (prod.by Slick) [Musikvideo] ð¬ð­,2,"#16 Germany, #13 Austria"
105,NEW,Ð¡Ð½ÐµÐ³ ÐÑÑÐ¶Ð¸ÑÑÑ âï¸âï¸ð | ÐÐ°Ð²ÐµÑ Ð½Ð° Ð¿ÐµÑÐ½Ñ Ð³Ñ.ÐÐ»Ð°Ð¼Ñ | Ð¢Ð°Ð½ÑÐµÐ²Ð°Ð»ÑÐ½ÑÐ¹ Ð¨Ð°Ð½ÑÐ¾Ð½,Ð¡Ð½ÐµÐ³ ÐÑÑÐ¶Ð¸ÑÑÑ âï¸âï¸ð | ÐÐ°Ð²ÐµÑ Ð½Ð° Ð¿ÐµÑÐ½Ñ Ð³Ñ.ÐÐ»Ð°Ð¼Ñ | Ð¢Ð°Ð½ÑÐµÐ²Ð°Ð»ÑÐ½ÑÐ¹ Ð¨Ð°Ð½ÑÐ¾Ð½,3,"#50 Germany, #31 Russia, #16 Belarus"
106,+6,Ø§ØºÙÙÙ ÙØªÙ ÙØ§ ÙØ§Ù Ø§ØºÙÙØµ,"Ø±Ø´Ø§Ø´ Ø§ÙØ³ÙÙØ§ÙÙ - ÙØ§ÙÙ Ø§Ø¨Ù Ø¹ÙØ±Ø§Ù - ØªØ±ÙØ¯ TikTok "" | Ø§ÙÙØ³Ø®Ù Ø§ÙØ§ØµÙÙÙ - Ø´Ø¹Ø¨Ù Ø¬Ø¯ÙØ¯",2,"#33 Israel, #43 Jordan"
107,-2,TONI STORARO,"DAI PARI / Ð¢ÐÐÐ Ð¡Ð¢ÐÐ ÐÐ Ð - ÐÐÐ ÐÐÐ Ð | Official 4K Video, 2025",3,"#1 Bulgaria, #34 Netherlands, #34 Belgium"
108,-54,"Romeo Santos, Marc Anthony",Yo TambiÃ©n (Letra),4,"#13 El Salvador, #45 Uruguay, #40 Nicaragua"
109,-5,L.L. Junior,21 RÃ³zsaszÃ¡l (Official Music Video),2,"#4 Hungary, #10 Slovakia"
110,-1,Bilal Derky,ÙØ§ ÙÙÙÙ Ø¹ÙÙÙØ§ [Offical Lyric Video] (2025),2,"#16 Lebanon, #45 Jordan"
111,+2,POPOVSKA,SMAK SVETA (Official Video) Prod. by Jhinsen,4,"#4 Serbia, #6 Bosnia and Herzegovina, #16 Croatia"
112,+56,Pattuma | Love Insurance Kompany | Pradeep Ranganathan | Anirudh | Vignesh Shivan l Krithi Shetty,Pattuma | Love Insurance Kompany | Pradeep Ranganathan | Anirudh | Vignesh Shivan l Krithi Shetty,4,"#50 Malaysia, #31 Singapore, #46 Kuwait"
113,-6,Klay,Ena (Official Music Video),2,"#12 Tunisia, #39 Libya"
114,-59,Boza,Hecha Pa' Mi (Letra/Lyrics),3,"#30 Paraguay, #21 Uruguay, #50 Costa Rica"
115,-4,ÙÙÙÙ Ø£Ø·ÙÙØ¬ Ø¹ÙÙÙÙÙ | Ø§ÙØ­Ø§Ø¬ Ø¨Ø§Ø³Ù Ø§ÙÙØ±Ø¨ÙØ§Ø¦Ù,ÙÙÙÙ Ø£Ø·ÙÙØ¬ Ø¹ÙÙÙÙÙ | Ø§ÙØ­Ø§Ø¬ Ø¨Ø§Ø³Ù Ø§ÙÙØ±Ø¨ÙØ§Ø¦Ù,4,"#10 Lebanon, #16 Kuwait, #7 Qatar"
116,=,Ellen,BoÅ¾iÄ nas zove (Official video),5,"#25 Serbia, #4 Croatia, #8 Bosnia and Herzegovina"
117,-2,Ø¨ÙØ§Ø¶Ø© Ø®Ø¯â©,Ø¨ÙØ§Ø¶Ø© Ø®Ø¯â©,2,"#14 Tunisia, #45 Libya"
118,-4,ÐÐ°Ð¼ÑÐ¶ÐµÐ¼,ÐÐ°Ð¼ÑÐ¶ÐµÐ¼,2,"#48 Kazakhstan, #1 Belarus"
119,=,VALMAR,"BRAZIL FÃNK ft. BRUNO, KKEVIN ( OFFICIAL MUSIC VIDEO)",2,"#7 Hungary, #39 Slovakia"
120,-17,Demet AkalÄ±n ft. Lvbel C5,Beni Unutma (Official Video),3,"#17 Azerbaijan, #40 Austria, #18 Cyprus"
121,-47,Fuerza Regida & Grupo Frontera,COQUETA (Letra),3,"#36 Paraguay, #25 El Salvador, #42 Nicaragua"
122,=,Jakov JozinoviÄ,Polje ruÅ¾a,5,"#22 Serbia, #7 Croatia, #22 Bosnia and Herzegovina"
123,+48,ÐÐ¾ÑÐ¾Ð½Ð°,ÐÐ¾ÑÐ¾Ð½Ð°,3,"#7 Russia, #16 Lithuania, #4 Latvia"
124,NEW,GAZDA PAJA x STOJA,ANIMAL [OFFICIAL VIDEO],5,"#30 Serbia, #18 Bosnia and Herzegovina, #22 Croatia"
125,-15,"6ix9ine, MARGO","BURATINO (Official, 2025)",2,"#4 Russia, #27 Belarus"
126,-3,BELANO X VZS,SZÃTSZEDLEK (Official Music Video),2,"#10 Hungary, #45 Slovakia"
127,-21,fromis_9 (íë¡ë¯¸ì¤ëì¸) 'íì ê·¸ë¦¬ì' MV,fromis_9 (íë¡ë¯¸ì¤ëì¸) 'íì ê·¸ë¦¬ì' MV,2,"#34 Taiwan, #46 Singapore"
128,-3,Nordo x Ktyb,Hagara (Official Music Video),2,"#22 Tunisia, #49 Libya"
129,-1,"Mehringer, sosehol",ÃDEN,2,"#13 Hungary, #47 Slovakia"
130,-29,Si Te Pudiera Mentir (Live Version),Si Te Pudiera Mentir (Live Version),2,"#31 Honduras, #28 Nicaragua"
131,-5,POSSO ATÃ NÃO TE DAR FLORES,"MC Ryan SP, MC JacarÃ© e MC Meno K (Love Funk) DJ Japa NK, Davi DogDog",2,"#28 Paraguay, #19 Portugal"
132,-37,Nigeria vs JapÃ³n (Blue Lock) | Mundial Sub 20 #1 | MegaR,Nigeria vs JapÃ³n (Blue Lock) | Mundial Sub 20 #1 | MegaR,4,"#46 Paraguay, #50 Nicaragua, #32 Panama"
133,-31,"CarÃ­n LeÃ³n, Grupo Frontera",Que Vuelvas (Letra/Lyrics),3,"#50 Paraguay, #35 El Salvador, #46 Nicaragua"
134,-4,MAVO â Shakabulizzy Remix (Feat. Davido) [Official Music Video],MAVO â Shakabulizzy Remix (Feat. Davido) [Official Music Video],2,"#1 Nigeria, #22 Ghana"
135,+7,The 046 x Barkaa,NOTHING'S FREE (Prod. Sefru) [MUSIC VIDEO] #CLAYMORE #REDFERN,2,"#4 Australia, #4 New Zealand"
136,-57,Jux,Majo (Official Lyric Video),2,"#19 Nigeria, #6 Tanzania"
137,-8,Young Jonn ,Lalala (feat. Rema) [Official Music Video],2,"#4 Nigeria, #28 Ghana"
138,-11,Jannat & Alhassan Adel,Eliela Helwa ( Official Video ) | Ø¬ÙØ§Øª Ù Ø§ÙØ­Ø³Ù Ø¹Ø§Ø¯Ù - Ø§ÙÙÙÙØ© Ø­ÙÙØ©,2,"#31 Jordan, #49 Kuwait"
139,-4,"Sitaare | Ikkis | Agastya Nanda, Simar Bhatia, Dharmendra Deol, Jaideep A | Arijit Singh, AmitabhÂ B","Sitaare | Ikkis | Agastya Nanda, Simar Bhatia, Dharmendra Deol, Jaideep A | Arijit Singh, AmitabhÂ B",2,"#31 Australia, #19 United Arab Emirates"
140,-9,DEVITO X BAJAGA,ASTRONAUT,4,"#34 Serbia, #30 Bosnia and Herzegovina, #31 Croatia"
141,-7,LELEK X MARIN,TANE (Official Video),3,"#40 Serbia, #14 Bosnia and Herzegovina, #19 Croatia"
142,-3,Ivana PavkoviÄ x Petar MitiÄ,DoÅ¾ivotno | Official Video 2025,2,"#16 Serbia, #24 Bosnia and Herzegovina"
143,-3,Calin â Stovky let,Calin â Stovky let,2,"#1 Czech Republic, #13 Slovakia"
144,-3,PEDJA JOVANOVIC,IMENIK (OFFICIAL VIDEO 2025),3,"#32 Serbia, #26 Bosnia and Herzegovina, #37 Croatia"
145,-7,AK feat Djelykaba Bintou,Habitude (Clip officiel),2,"#42 Tunisia, #28 Belgium"
146,NEW,Financer,Bintu Pabra | Pranjal Dahiya | Shiva Choudhary | Gunde Bhi Financer Bhi,2,"#22 United Arab Emirates, #49 Australia"
147,-2,Cunami, Moj Dilere,3,"#50 Serbia, #12 Bosnia and Herzegovina, #49 Croatia"
148,-132,silent treatment,silent treatment,2,"#25 Australia, #7 Ireland"
149,-5,Ya Borracho,Ya Borracho,2,"#32 Nicaragua, #41 El Salvador"
150,=,Ð¡ÐÐÐ¢ÐÐÐÐ!,Ð¡ÐÐÐ¢ÐÐÐÐ!,3,"#13 Belarus, #44 Czech Republic, #10 Latvia"
151,-2,Smoke Mardeljano ft. Haze,BETON (Official Video),3,"#38 Serbia, #46 Bosnia and Herzegovina, #47 Croatia"
152,-16,San Jose,San Jose,2,"#16 Panama, #44 Costa Rica"
153,-7,Heronwater,100 BARS,4,"#21 Belarus, #43 Netherlands, #4 Norway"
154,NEW,FLEMMING & Metejoor,Niet Nodig (OfficiÃ«le video),2,"#13 Netherlands, #16 Belgium"
155,-4,Eleni Foureira,Alleluia - Short Film,2,"#7 Greece, #16 Cyprus"
156,-24,Dave feat. Kano,Chapter 16,3,"#49 Nigeria, #13 Denmark, #22 Ireland"
157,-24,Together,Nirvair Pannu (Official Video) Deol Harman | Juke Dock,2,"#13 United Arab Emirates, #22 New Zealand"
158,-5,ALLDAY PROJECT,âONE MORE TIMEâ M/V,3,"#39 Hong Kong, #45 Georgia, #49 Singapore"
159,-11,Estocolmo,Estocolmo,2,"#38 Nicaragua, #22 Puerto Rico"
160,-6,Â® SASA KOVACEVIC,Boje leptira (official visualiser) NOVO! Â© 2025,2,"#44 Serbia, #38 Bosnia and Herzegovina"
161,-14,"Metallica: Harvester of Sorrow (Auckland, New Zealand","November 19, 2025)",2,"#46 Australia, #7 New Zealand"
162,-78,Dafina Zeqiri,Dashnin E Vjeter,3,"#1 Switzerland, #10 North Macedonia, #28 Austria"
163,-43,BABYMONSTER,WE GO UP / THE FIRST TAKE,2,"#21 Hong Kong, #34 Singapore"
164,-40,"ALAN ARRIETA, MIRANDA LEÃN -Bonnie & Clyde (Sin enamorarse)","ALAN ARRIETA, MIRANDA LEÃN -Bonnie & Clyde (Sin enamorarse)",2,"#45 El Salvador, #48 Panama"
165,-8,KATARINA Å½IVKOVIÄ,SUROVA REALNOST (OFFICIAL VIDEO),2,"#46 Serbia, #50 Bosnia and Herzegovina"
166,-10,"Stray Kids ""Do It"" Dance Practice Video","Stray Kids ""Do It"" Dance Practice Video",3,"#43 Georgia, #44 Lithuania, #25 Denmark"
167,-8,Korben Dallas,"Daj si pozor, Äomu uverÃ­Å¡ (official video)",2,"#50 Czech Republic, #16 Slovakia"
168,-7,Fjolla Berisha ft. Shaqir CÃ«rvadiku,A ndjeve pÃ«r mue (Prod. UNiK Beatz),3,"#7 Switzerland, #14 North Macedonia, #48 Austria"
169,-9,Strach,Strach,2,"#38 Czech Republic, #41 Slovakia"
170,-6,Israel Mbonyi,Uri Yaaa,2,"#40 Uganda, #42 Tanzania"
171,NEW,YLL LIMANI,ERA (Official Music Video),3,"#18 North Macedonia, #22 Austria, #28 Switzerland"
172,-10,Shyhrete Behluli & Engjellusha,HAJDE HAJDE DAJ #2026,3,"#12 North Macedonia, #22 Switzerland, #42 Austria"
173,-10,NINHO,+971 (Clip officiel),2,"#10 Belgium, #45 Switzerland"
174,-9,Vilaayath Budha Official Trailer | Prithviraj Sukumaran |Jayan Nambiar |Urvassi Theatres|Jakes Bejoy,Vilaayath Budha Official Trailer | Prithviraj Sukumaran |Jayan Nambiar |Urvassi Theatres|Jakes Bejoy,4,"#35 Kuwait, #25 Qatar, #20 Bahrain"
175,-151,Karthigai Deepam 2025 Special Sivan Songs | Annamalaiyar Girivala Padalgal And 108 Potri,Karthigai Deepam 2025 Special Sivan Songs | Annamalaiyar Girivala Padalgal And 108 Potri,2,"#45 United Arab Emirates, #43 Singapore"
176,-7,2TON x NORA ISTREFI,TEKA,3,"#22 North Macedonia, #25 Switzerland, #47 Slovenia"
177,-11,Ven Devorame Otra Vez,Ven Devorame Otra Vez,2,"#44 Panama, #50 Puerto Rico"
178,-6,MAJK Ã MC KRESHA Ã GJIKO,GOTAT NALT,2,"#19 Switzerland, #30 North Macedonia"
179,-9,MASK,Trailer | Kavin | Andrea J | GV Prakash Kumar | Ruhani | Vikarnan A,3,"#44 Kuwait, #25 Bahrain, #37 Qatar"
180,-6,BUTRINT IMERI,SA,2,"#10 Switzerland, #48 North Macedonia"
181,-5,Tate McRae,NOBODY'S GIRL (Official Video),3,"#28 Denmark, #34 New Zealand, #43 Ireland"
182,-5,Rebel Saab (Telugu) Lyrical Video,The Raja Saab | Prabhas | Maruthi  | Thaman S | Vishwa Prasad,3,"#13 Bahrain, #34 Ireland, #24 Qatar"
183,-3,Kida,Tjetra,2,"#34 Switzerland, #42 North Macedonia"
184,-9,MEDA x LUANA VJOLLCA,KUQEZINJTE,2,"#31 Switzerland, #50 Austria"
185,-6,HACEL OBASI,HACEL OBASI,2,"#46 Austria, #12 Cyprus"
186,-19,Jana Nayagan â Thalapathy Kacheri Lyric Video| Thalapathy Vijay| H Vinoth| Anirudh| Pooja Hegde| KVN,Jana Nayagan â Thalapathy Kacheri Lyric Video| Thalapathy Vijay| H Vinoth| Anirudh| Pooja Hegde| KVN,2,"#40 Singapore, #10 Malta"
187,-5,ADEM RAMADANI & GOLD AG  |  FjalÃ«t e babÃ«s,ADEM RAMADANI & GOLD AG  |  FjalÃ«t e babÃ«s,2,"#40 North Macedonia, #49 Slovenia"
