artist_id,artist_name,genres,artist_popularity,track_id,track_name,track_popularity
6Wlvsn3IPHiZwAv02lB5eC,Ícaro e Gilmar,"sertanejo, sertanejo universitário, agronejo, sertanejo tradicional",78,25CffgwZg6vlUdCsHJijZo,Baqueado - Ao Vivo,82
6Wlvsn3IPHiZwAv02lB5eC,Ícaro e Gilmar,"sertanejo, sertanejo universitário, agronejo, sertanejo tradicional",78,2j7IPPMZt5nE5R4r2AbKZ8,12 Horas / Pra Você Acreditar - Ao Vivo,78
6Wlvsn3IPHiZwAv02lB5eC,Ícaro e Gilmar,"sertanejo, sertanejo universitário, agronejo, sertanejo tradicional",78,3nCuLb5HKpHYpUY3u47KG1,Tem Que Ser Você / O Que Combina Comigo É Você - Ao Vivo,73
6Wlvsn3IPHiZwAv02lB5eC,Ícaro e Gilmar,"sertanejo, sertanejo universitário, agronejo, sertanejo tradicional",78,1QibZsBeNPlYjTyc2zmInb,Agora / Um Sonho Louco / Não Posso Ter Medo de Amar - Ao Vivo,68
6Wlvsn3IPHiZwAv02lB5eC,Ícaro e Gilmar,"sertanejo, sertanejo universitário, agronejo, sertanejo tradicional",78,5BOcmHCBRF3nlZR2BK32lY,Coração Partido / Depois do Prazer / Cheia de Manias - Ao Vivo,68
6Wlvsn3IPHiZwAv02lB5eC,Ícaro e Gilmar,"sertanejo, sertanejo universitário, agronejo, sertanejo tradicional",78,0iOQtcrRI4OXDviDpAVxKT,Duas Vezes Você / Nova York - Ao Vivo,66
6Wlvsn3IPHiZwAv02lB5eC,Ícaro e Gilmar,"sertanejo, sertanejo universitário, agronejo, sertanejo tradicional",78,4rsYqpauOELQD9VFukxniJ,Decida / Seu Amor Ainda É Tudo - Ao Vivo,66
6Wlvsn3IPHiZwAv02lB5eC,Ícaro e Gilmar,"sertanejo, sertanejo universitário, agronejo, sertanejo tradicional",78,2SIwiF7GORUriJKY9pG26a,Voltável - Ao Vivo,65
6Wlvsn3IPHiZwAv02lB5eC,Ícaro e Gilmar,"sertanejo, sertanejo universitário, agronejo, sertanejo tradicional",78,1ufQ7AutuxQUUxXiLgNHp4,Antes de Voltar pra Casa / A Ferro e Fogo - Ao Vivo,65
6Wlvsn3IPHiZwAv02lB5eC,Ícaro e Gilmar,"sertanejo, sertanejo universitário, agronejo, sertanejo tradicional",78,6eTQkoATdVxt9SS6MDtqXa,Tudo Que Vai / Tempo Perdido - Ao Vivo,64
3Y7RZ31TRPVadSFVy1o8os,H.E.R.,r&b,75,6oEVnWKgPqIEPc53OYDNqG,Could've Been (feat. Bryson Tiller),75
3Y7RZ31TRPVadSFVy1o8os,H.E.R.,r&b,75,0Aa3g9EQoPNt6PiKjaUeb7,Every Kind Of Way,66
3Y7RZ31TRPVadSFVy1o8os,H.E.R.,r&b,75,3tZs3nVjySLbL320lP4mvs,Focus,66
3Y7RZ31TRPVadSFVy1o8os,H.E.R.,r&b,75,6MO2bfLHKykUgCChFdw91H,"Slide (Remix) (feat. Pop Smoke, A Boogie Wit da Hoodie & Chris Brown) (feat. Pop Smoke)",65
3Y7RZ31TRPVadSFVy1o8os,H.E.R.,r&b,75,1IRU2kqvCmmySoB0ywJTmI,Come Together (feat. H.E.R.),62
3Y7RZ31TRPVadSFVy1o8os,H.E.R.,r&b,75,2azM2WRIpQiB9ALfVmYtlW,Damage,61
3Y7RZ31TRPVadSFVy1o8os,H.E.R.,r&b,75,3f3cliOygeuUpGRwdohy12,Comfortable,61
3Y7RZ31TRPVadSFVy1o8os,H.E.R.,r&b,75,29he0Joo5sz2607A6ZBT6H,Come Through (feat. Chris Brown),60
3Y7RZ31TRPVadSFVy1o8os,H.E.R.,r&b,75,428JUvntvW20r9hOOpFAao,Slide,59
3Y7RZ31TRPVadSFVy1o8os,H.E.R.,r&b,75,0jPEWByX9DZAQb5zyQ6eng,Slow Down,59
0oAZhL6hFrM3YRr6QzjlOf,MJ Records,"sertanejo, sertanejo universitário",80,25CffgwZg6vlUdCsHJijZo,Baqueado - Ao Vivo,82
0oAZhL6hFrM3YRr6QzjlOf,MJ Records,"sertanejo, sertanejo universitário",80,1NPnoibZZyeILxD4mpvfAy,Um Dia Te Levo Comigo / Do Brasil à Argentina - Ao Vivo,72
0oAZhL6hFrM3YRr6QzjlOf,MJ Records,"sertanejo, sertanejo universitário",80,76qXdJtgMsCccgwbbLsy5v,Nos Bares da Cidade / Sem Direção - Ao Vivo,71
0oAZhL6hFrM3YRr6QzjlOf,MJ Records,"sertanejo, sertanejo universitário",80,4V2rUOmaevK0C1bKAkeFf5,Eu Te Seguro - Ao Vivo,70
0oAZhL6hFrM3YRr6QzjlOf,MJ Records,"sertanejo, sertanejo universitário",80,254Sv2uAWk5uwo0iJm5mIJ,Castigo / Mil Anos - Ao Vivo,68
0oAZhL6hFrM3YRr6QzjlOf,MJ Records,"sertanejo, sertanejo universitário",80,2VGeeK68iBt3pwmfjLizfz,Frente a Frente / Só Pensando em Você - Ao Vivo,67
0oAZhL6hFrM3YRr6QzjlOf,MJ Records,"sertanejo, sertanejo universitário",80,4yIY2kpfHWHenOEl2Dl6Fi,Onde Anda Meu Amor / A Culpa É Sua - Ao Vivo,67
0oAZhL6hFrM3YRr6QzjlOf,MJ Records,"sertanejo, sertanejo universitário",80,3euK2ZAKmgcSUtTI4bApHT,Nem Dormindo Consigo Te Esquecer / Mil Corações - Ao Vivo,66
0oAZhL6hFrM3YRr6QzjlOf,MJ Records,"sertanejo, sertanejo universitário",80,7w2y5BLMYnzBQbRkAbVyHi,Bem Querer / Primavera (Vai Chuva) - Ao Vivo,62
0oAZhL6hFrM3YRr6QzjlOf,MJ Records,"sertanejo, sertanejo universitário",80,5iUSzWbmhFKBauhqWuLg7e,Má Influência - Ao Vivo,61
4iJLPqClelZOBCBifm8Fzv,Pierce The Veil,"emo, screamo, post-hardcore",78,3fWibgdtgIie6LKTZ2rUoI,So Far So Fake,82
4iJLPqClelZOBCBifm8Fzv,Pierce The Veil,"emo, screamo, post-hardcore",78,1IT0WQk5J8NsaeII8ktdlZ,King For A Day,79
4iJLPqClelZOBCBifm8Fzv,Pierce The Veil,"emo, screamo, post-hardcore",78,54MXF9I8s3DuiQo3g0gZ5k,A Match Into Water,75
4iJLPqClelZOBCBifm8Fzv,Pierce The Veil,"emo, screamo, post-hardcore",78,23UoI3jlFiWdo5jadUYo69,Bulls In The Bronx,73
4iJLPqClelZOBCBifm8Fzv,Pierce The Veil,"emo, screamo, post-hardcore",78,3EKh7JNsBrGoh2xqPotBKT,Hell Above,73
4iJLPqClelZOBCBifm8Fzv,Pierce The Veil,"emo, screamo, post-hardcore",78,2G8PweZBBwTpyP8vpNQJK2,Caraphernelia,71
4iJLPqClelZOBCBifm8Fzv,Pierce The Veil,"emo, screamo, post-hardcore",78,5u2FOoFhp495GIj5BJC77J,Hold On Till May,71
4iJLPqClelZOBCBifm8Fzv,Pierce The Veil,"emo, screamo, post-hardcore",78,6zUy2nnchfZpzaDalE6sO2,Circles,69
4iJLPqClelZOBCBifm8Fzv,Pierce The Veil,"emo, screamo, post-hardcore",78,7I93h9I0RUqt1ci3Bfa290,Pass The Nirvana,68
4iJLPqClelZOBCBifm8Fzv,Pierce The Veil,"emo, screamo, post-hardcore",78,3x8NQJlgdzI5aWMVkB3BIp,Death Of An Executioner,67
7gJN8W0589FisSYJS17K54,Filipe Ret,"brazilian hip hop, brazilian trap, trap funk, trap",78,0sy2mtvcM7V5ETtmQIbGVt,Van Cleef,74
7gJN8W0589FisSYJS17K54,Filipe Ret,"brazilian hip hop, brazilian trap, trap funk, trap",78,31X6ihiAWsNnKRky0R8532,TUDO DE NOVO,72
7gJN8W0589FisSYJS17K54,Filipe Ret,"brazilian hip hop, brazilian trap, trap funk, trap",78,5JC2ezFSbkVi4Js4byzKoj,Poesia Acústica #6 Era uma Vez,71
7gJN8W0589FisSYJS17K54,Filipe Ret,"brazilian hip hop, brazilian trap, trap funk, trap",78,5na9M4vuGBFxIAQdD3Hg9s,Da Onde Eu Venho,71
7gJN8W0589FisSYJS17K54,Filipe Ret,"brazilian hip hop, brazilian trap, trap funk, trap",78,4ZrKyfCV1UcHuZjbLp03fM,Nós Combina,70
7gJN8W0589FisSYJS17K54,Filipe Ret,"brazilian hip hop, brazilian trap, trap funk, trap",78,23zqFHNiDYWoayPU5k0IIR,Libertários Não Morrem,70
7gJN8W0589FisSYJS17K54,Filipe Ret,"brazilian hip hop, brazilian trap, trap funk, trap",78,0Qm3FcWgkif9MeY6lgcX11,Poesia Acústica #9 Melhor Forma,69
7gJN8W0589FisSYJS17K54,Filipe Ret,"brazilian hip hop, brazilian trap, trap funk, trap",78,08adMS3hYWRQlYmUwGI5rB,Acima De Mim Só Deus,69
7gJN8W0589FisSYJS17K54,Filipe Ret,"brazilian hip hop, brazilian trap, trap funk, trap",78,5scrF77DRek7hII5KF0iUV,Grama Verde,69
7gJN8W0589FisSYJS17K54,Filipe Ret,"brazilian hip hop, brazilian trap, trap funk, trap",78,0ssgd2ZvDawP0KHGfBYRpv,Good Vibe,69
0h1zs4CTlU9D2QtgPxptUD,Ricardo Arjona,latin pop,77,7J6IYudWsxHy3stN5aMKSN,Fuiste Tú,75
0h1zs4CTlU9D2QtgPxptUD,Ricardo Arjona,latin pop,77,4xOH4JowajfqHegIJ07EJV,El Problema,73
0h1zs4CTlU9D2QtgPxptUD,Ricardo Arjona,latin pop,77,0KndOi3h1wZHcWqIuFmkaF,Cómo Duele,72
0h1zs4CTlU9D2QtgPxptUD,Ricardo Arjona,latin pop,77,73X4fA2RX6ycvEsFvDIUs4,Pingüinos en la Cama,71
0h1zs4CTlU9D2QtgPxptUD,Ricardo Arjona,latin pop,77,5rwl9TKyjbAVSCUOBZz77Y,Acompáñame a Estar Solo,70
0h1zs4CTlU9D2QtgPxptUD,Ricardo Arjona,latin pop,77,2vGUmuGUjtUG7iM5yTHKkZ,Minutos,69
0h1zs4CTlU9D2QtgPxptUD,Ricardo Arjona,latin pop,77,4qmXbnmZxZy9pavpf3YfP5,Historia de Taxi,66
0h1zs4CTlU9D2QtgPxptUD,Ricardo Arjona,latin pop,77,3uEJFR0oQeBaNMEXs4bTSq,Dime Que No,66
0h1zs4CTlU9D2QtgPxptUD,Ricardo Arjona,latin pop,77,1RARODu6hwSaJLmcV6oedT,Te Conozco,65
0h1zs4CTlU9D2QtgPxptUD,Ricardo Arjona,latin pop,77,4TR6e2sBy2PzTnfu6MnLFD,Mujeres,64
0Y3agQaa6g2r0YmHPOO9rh,Davido,"afrobeats, afrobeat, afropop, afropiano, azonto, amapiano, hiplife, afroswing, afro r&b",75,5GyaXqMfcIGHfmTUITFacS,With You (feat. Omah Lay),76
0Y3agQaa6g2r0YmHPOO9rh,Davido,"afrobeats, afrobeat, afropop, afropiano, azonto, amapiano, hiplife, afroswing, afro r&b",75,7vKXc90NT5WBm3UTT4iTVG,KANTE (feat. Fave),73
0Y3agQaa6g2r0YmHPOO9rh,Davido,"afrobeats, afrobeat, afropop, afropiano, azonto, amapiano, hiplife, afroswing, afro r&b",75,703TjpxP2MoYYDejagNz5Z,Wallah Wallah,71
0Y3agQaa6g2r0YmHPOO9rh,Davido,"afrobeats, afrobeat, afropop, afropiano, azonto, amapiano, hiplife, afroswing, afro r&b",75,3yzs58LteW16AjEb4J5vvi,Shakabulizzy - Remix,70
0Y3agQaa6g2r0YmHPOO9rh,Davido,"afrobeats, afrobeat, afropop, afropiano, azonto, amapiano, hiplife, afroswing, afro r&b",75,2kaH2Z8ezDUKf6fNw250rZ,UNAVAILABLE (feat. Musa Keys),69
0Y3agQaa6g2r0YmHPOO9rh,Davido,"afrobeats, afrobeat, afropop, afropiano, azonto, amapiano, hiplife, afroswing, afro r&b",75,44G2gUVQvNNZ6w3i05tR4n,Sensational (feat. Davido & Lojay),67
0Y3agQaa6g2r0YmHPOO9rh,Davido,"afrobeats, afrobeat, afropop, afropiano, azonto, amapiano, hiplife, afroswing, afro r&b",75,73rLXBXwSfBqGmWw2x8i8t,GROOVING (feat. Davido and Seun Kuti),67
0Y3agQaa6g2r0YmHPOO9rh,Davido,"afrobeats, afrobeat, afropop, afropiano, azonto, amapiano, hiplife, afroswing, afro r&b",75,1mk8ZC9OeTZMr8Wy31LqRj,FEEL,67
0Y3agQaa6g2r0YmHPOO9rh,Davido,"afrobeats, afrobeat, afropop, afropiano, azonto, amapiano, hiplife, afroswing, afro r&b",75,6zZixF6uYbtG8uiNzDO2LH,Funds (feat. ODUMODUBLVCK & Chike),65
0Y3agQaa6g2r0YmHPOO9rh,Davido,"afrobeats, afrobeat, afropop, afropiano, azonto, amapiano, hiplife, afroswing, afro r&b",75,1hEXElwyPez2z7m5dZ56Mc,Fall,61
5t5FqBwTcgKTaWmfEbwQY9,ENHYPEN,k-pop,81,7mpdNiaQvygj2rHoxkzMfa,Bite Me,79
5t5FqBwTcgKTaWmfEbwQY9,ENHYPEN,k-pop,81,44hqFxUWsADWewEJELnncj,No Doubt,77
5t5FqBwTcgKTaWmfEbwQY9,ENHYPEN,k-pop,81,38pEX03GFZ0PfFDaOrpKOM,Bad Desire (With or Without You),77
5t5FqBwTcgKTaWmfEbwQY9,ENHYPEN,k-pop,81,3RkSwrsIadAvqVtMp5yhaB,XO (Only If You Say Yes),76
5t5FqBwTcgKTaWmfEbwQY9,ENHYPEN,k-pop,81,1wcr8DjnN59Awev8nnKpQ4,Drunk-Dazed,76
5t5FqBwTcgKTaWmfEbwQY9,ENHYPEN,k-pop,81,3gYWGRS64XrGSrjD3vvtga,Moonstruck,75
5t5FqBwTcgKTaWmfEbwQY9,ENHYPEN,k-pop,81,0UzymivvUH5s8z4PeWZJaK,FEVER,75
5t5FqBwTcgKTaWmfEbwQY9,ENHYPEN,k-pop,81,3ivdlmTbUSv5JN9W8Tk9V1,Brought The Heat Back,74
5t5FqBwTcgKTaWmfEbwQY9,ENHYPEN,k-pop,81,0IXWLMBZeK33mOb044Sxu6,Outside,74
5t5FqBwTcgKTaWmfEbwQY9,ENHYPEN,k-pop,81,4N8IFzGERNBWoQyzYVYEoJ,Bad Desire (With or Without You) (English Ver.),73
6PH3FLQAxtqYy46Zv08bpV,Ivan Cornejo,"sad sierreño, corridos tumbados, música mexicana, corrido, sierreño",78,51sN3VDJBVmKJVgp0trc7M,Atención,77
6PH3FLQAxtqYy46Zv08bpV,Ivan Cornejo,"sad sierreño, corridos tumbados, música mexicana, corrido, sierreño",78,3qAJAUr7yc9bPDx4ESt6ND,HASTA LA MUERTE,76
6PH3FLQAxtqYy46Zv08bpV,Ivan Cornejo,"sad sierreño, corridos tumbados, música mexicana, corrido, sierreño",78,60fniRXixufxR4HCYjOyp6,Vuelve,76
6PH3FLQAxtqYy46Zv08bpV,Ivan Cornejo,"sad sierreño, corridos tumbados, música mexicana, corrido, sierreño",78,71jWljGDgSEpsa1LA5LHSg,Baby Please,75
6PH3FLQAxtqYy46Zv08bpV,Ivan Cornejo,"sad sierreño, corridos tumbados, música mexicana, corrido, sierreño",78,0tXFWZC3ZF44vgi0h2o4iI,Mirada,75
6PH3FLQAxtqYy46Zv08bpV,Ivan Cornejo,"sad sierreño, corridos tumbados, música mexicana, corrido, sierreño",78,09vTIvb4qpqECgewqXPVSq,Donde Estás,74
6PH3FLQAxtqYy46Zv08bpV,Ivan Cornejo,"sad sierreño, corridos tumbados, música mexicana, corrido, sierreño",78,0hnvQLkV7yOjslEzflJSK4,La Curiosidad,74
6PH3FLQAxtqYy46Zv08bpV,Ivan Cornejo,"sad sierreño, corridos tumbados, música mexicana, corrido, sierreño",78,2DXK0YNGSqnaIEX5iaSIoK,RELOJ,73
6PH3FLQAxtqYy46Zv08bpV,Ivan Cornejo,"sad sierreño, corridos tumbados, música mexicana, corrido, sierreño",78,0reBZSEtwbvqkXoWGtmV0k,Sale Para Ser Feliz,73
6PH3FLQAxtqYy46Zv08bpV,Ivan Cornejo,"sad sierreño, corridos tumbados, música mexicana, corrido, sierreño",78,6G2xXQRSZlEzYsUEb3uvuR,Está Dañada,73
5aIqB5nVVvmFsvSdExz408,Johann Sebastian Bach,"classical, classical piano",78,61dYvvfIRtIDFuqZypPAta,"Cello Suite No. 1 in G Major, BWV 1007: I. Prélude",64
5aIqB5nVVvmFsvSdExz408,Johann Sebastian Bach,"classical, classical piano",78,6pt8oGfiwgidz03nGw1zTb,"Orchestral Suite No. 3 in D Major, BWV 1068: II. Air ""on the G String""",64
5aIqB5nVVvmFsvSdExz408,Johann Sebastian Bach,"classical, classical piano",78,2w2FzZKSwudBZjOsCei9Qz,"The Well-Tempered Clavier, Book 1: Prelude No. 1 in C Major, BWV 846/1",64
5aIqB5nVVvmFsvSdExz408,Johann Sebastian Bach,"classical, classical piano",78,4i8ly7ffzWu8nfKLI8SZFj,"The Well-Tempered Clavier I, Prelude & Fugue No. 1 in C Major, BWV 846: I. Prelude",63
5aIqB5nVVvmFsvSdExz408,Johann Sebastian Bach,"classical, classical piano",78,5bu9A6uphPWg39RC3ZKeku,"Goldberg Variations, BWV 988: Aria",63
5aIqB5nVVvmFsvSdExz408,Johann Sebastian Bach,"classical, classical piano",78,0mD1a7haZKdX9I0oPywrMb,Air on a G String,61
5aIqB5nVVvmFsvSdExz408,Johann Sebastian Bach,"classical, classical piano",78,5mRrklQD0rvuN6sV10HfPn,"Unaccompanied Cello Suite No. 1 in G major, BWV 1007: I. Prélude",59
5aIqB5nVVvmFsvSdExz408,Johann Sebastian Bach,"classical, classical piano",78,5cYyCE4b3T5TdQ3sGg8CYc,Toccata and Fugue in D minor,50
5aIqB5nVVvmFsvSdExz408,Johann Sebastian Bach,"classical, classical piano",78,1PyPhXqgIjPzyIw7ENlDSM,Prelude in G Major,48
5aIqB5nVVvmFsvSdExz408,Johann Sebastian Bach,"classical, classical piano",78,41VlJVrvmXWnhBU6neThuD,"Bach, JS: The Well-Tempered Clavier, Book I: Prelude and Fugue No. 1 in C Major, BWV 846: Prelude",34
3IW7ScrzXmPvZhB27hmfgy,Jul,"french rap, pop urbaine",82,1LmeIVvg4CVTu6kicEVoAr,ZOU BISOU,77
3IW7ScrzXmPvZhB27hmfgy,Jul,"french rap, pop urbaine",82,6hKkzk8UlVUj9ioPCyeH1O,Sous la lune,72
3IW7ScrzXmPvZhB27hmfgy,Jul,"french rap, pop urbaine",82,3iqcqAwtnurPNJAcvwVIyt,Mimi,71
3IW7ScrzXmPvZhB27hmfgy,Jul,"french rap, pop urbaine",82,0goer5e8B6SJaTV2B51k6f,La bandite,71
3IW7ScrzXmPvZhB27hmfgy,Jul,"french rap, pop urbaine",82,0SKNkEMV313mE6oYsgVCgm,J'oublie tout,71
3IW7ScrzXmPvZhB27hmfgy,Jul,"french rap, pop urbaine",82,16a4aTkLQqmM82uKZTjvxt,Nostalgique,71
3IW7ScrzXmPvZhB27hmfgy,Jul,"french rap, pop urbaine",82,4De1ry2yC79qVUR2So9to8,Bwo,70
3IW7ScrzXmPvZhB27hmfgy,Jul,"french rap, pop urbaine",82,5I2FIj9EDp0Fz32CJ9lZNF,Tu la love,69
3IW7ScrzXmPvZhB27hmfgy,Jul,"french rap, pop urbaine",82,78Y0EwVQ9kdQFTIOzr7lUd,Phénoménal,68
3IW7ScrzXmPvZhB27hmfgy,Jul,"french rap, pop urbaine",82,7wwQoJtPLBVeMIZlW11cp6,Oh qu'elle est belle,66
17lzZA2AlOHwCwFALHttmp,2 Chainz,"rap, southern hip hop",76,2OQJKTtrH482waGFmOfJni,We Own It (Fast & Furious),70
17lzZA2AlOHwCwFALHttmp,2 Chainz,"rap, southern hip hop",76,6H0AwSQ20mo62jGlPGB8S6,It's A Vibe,64
17lzZA2AlOHwCwFALHttmp,2 Chainz,"rap, southern hip hop",76,2nBI3iWLhupR7LyAJ5GGkE,Champions,62
17lzZA2AlOHwCwFALHttmp,2 Chainz,"rap, southern hip hop",76,0KoBrntyQ2x6Y1eZwgGe5P,"Givin’ Up (Not The One) (Don Toliver & 21 Savage, 2 Chainz)",62
17lzZA2AlOHwCwFALHttmp,2 Chainz,"rap, southern hip hop",76,6hh74g3EXXM8dF1Boamcyn,Life Is Beautiful,61
17lzZA2AlOHwCwFALHttmp,2 Chainz,"rap, southern hip hop",76,4Ox97hNeJSWFCZ8vp76vog,No Lie,60
17lzZA2AlOHwCwFALHttmp,2 Chainz,"rap, southern hip hop",76,4LmAnpjlhWTahvRkYR8xJa,X (with 2 Chainz & Saudi),60
17lzZA2AlOHwCwFALHttmp,2 Chainz,"rap, southern hip hop",76,1odwi1SN3pJKENZe12U2OQ,I'm Different,59
17lzZA2AlOHwCwFALHttmp,2 Chainz,"rap, southern hip hop",76,3CsubMx8AHkvKDLTcBUWSQ,TWITCH (feat. 2 Chainz & Tyga),50
17lzZA2AlOHwCwFALHttmp,2 Chainz,"rap, southern hip hop",76,5PfTI3zrQbZEWcQdycMqJM,"Gang Up (with Young Thug, 2 Chainz & Wiz Khalifa feat. PnB Rock)",48
0Il5vC8lqunSFNav4mMLxU,Natanzinho Lima,"arrocha, seresta, forró, brega, piseiro, sertanejo",79,4dGx53NJZJyuuLP5ownH1p,Mentira Estampada,77
0Il5vC8lqunSFNav4mMLxU,Natanzinho Lima,"arrocha, seresta, forró, brega, piseiro, sertanejo",79,7fdAc48FnW2P7LGuTMajcn,Uma e Quinze da Manhã,74
0Il5vC8lqunSFNav4mMLxU,Natanzinho Lima,"arrocha, seresta, forró, brega, piseiro, sertanejo",79,7xcDd2JxnJtO87QQr8uY0O,Me Apaixonei Nessa Morena,72
0Il5vC8lqunSFNav4mMLxU,Natanzinho Lima,"arrocha, seresta, forró, brega, piseiro, sertanejo",79,0HixceBFegrCY3GFBB7SlQ,Saudade do Carai,71
0Il5vC8lqunSFNav4mMLxU,Natanzinho Lima,"arrocha, seresta, forró, brega, piseiro, sertanejo",79,1ey8ve3QeKGILfWKwPIJtj,Logo Eu - Ao Vivo,70
0Il5vC8lqunSFNav4mMLxU,Natanzinho Lima,"arrocha, seresta, forró, brega, piseiro, sertanejo",79,6h3EEYgtIuOjeqQPIC3H37,Pilantra e Meio,69
0Il5vC8lqunSFNav4mMLxU,Natanzinho Lima,"arrocha, seresta, forró, brega, piseiro, sertanejo",79,0Ao4OLBAduB4y8H80EKqTO,Sonho de Amor - Ao Vivo,67
0Il5vC8lqunSFNav4mMLxU,Natanzinho Lima,"arrocha, seresta, forró, brega, piseiro, sertanejo",79,3owdDSzMHdlNTva7lIX30M,Fazer Amor é Diferente de Amar - Ao Vivo,65
0Il5vC8lqunSFNav4mMLxU,Natanzinho Lima,"arrocha, seresta, forró, brega, piseiro, sertanejo",79,7MzgCL44HTP2noUkTevxzs,Maloqueiro - Ao Vivo,64
0Il5vC8lqunSFNav4mMLxU,Natanzinho Lima,"arrocha, seresta, forró, brega, piseiro, sertanejo",79,2VHPApYzm74egFMmFTLXhk,Me Apaixonei Nessa Morena - Ao Vivo,62
5J7rXWjtn5HzUkJ4Jet8Fr,Alvaro Diaz,,76,1mSviQV9iQnGSRyvTIuxAj,Problemón,73
5J7rXWjtn5HzUkJ4Jet8Fr,Alvaro Diaz,,76,2ynaxymuvgAHsRBOqE4XEq,PARANORMAL,72
5J7rXWjtn5HzUkJ4Jet8Fr,Alvaro Diaz,,76,3yJ8buQlPzQtHyCicOGDJ0,Reina Pepiada,71
5J7rXWjtn5HzUkJ4Jet8Fr,Alvaro Diaz,,76,5dtzqRtiXKftAk6B6vxUmr,Llori Pari,71
5J7rXWjtn5HzUkJ4Jet8Fr,Alvaro Diaz,,76,0TzPApPjiPWXv98qSCrgbp,Babysita </3,69
5J7rXWjtn5HzUkJ4Jet8Fr,Alvaro Diaz,,76,62n1ZpeGX7aM7hqC4NcBsJ,MAMI 100PRE SABE (INTERLUDE),68
5J7rXWjtn5HzUkJ4Jet8Fr,Alvaro Diaz,,76,6BpZpCM8d8FJnVnr1IbnFL,GATITAS SANDUNGUERAS - VOL.1,68
5J7rXWjtn5HzUkJ4Jet8Fr,Alvaro Diaz,,76,5uYAJlNp8ZmGPdkrhMwmLM,Deportivo,67
5J7rXWjtn5HzUkJ4Jet8Fr,Alvaro Diaz,,76,7keTeNuCO2ghzRRW7CVzsJ,SIN PODERES,67
5J7rXWjtn5HzUkJ4Jet8Fr,Alvaro Diaz,,76,5JHB8QusYhTWdRw2KJekj6,YOKO,66
6zlR5ttMfMNmwf2lecU9Cc,Sam Fender,,75,7MZHqgTVTnN6xZGYAcEEAf,Rein Me In (with Olivia Dean),81
6zlR5ttMfMNmwf2lecU9Cc,Sam Fender,,75,0Oriikd4ETp5qmzek6ZUD5,Talk To You (ft. Elton John),74
6zlR5ttMfMNmwf2lecU9Cc,Sam Fender,,75,6gBjUipB0ZxHd1BvwdJTDQ,People Watching,73
6zlR5ttMfMNmwf2lecU9Cc,Sam Fender,,75,5rF6YUIlgiat22OT1lWspJ,Seventeen Going Under,73
6zlR5ttMfMNmwf2lecU9Cc,Sam Fender,,75,6CltzquypraYIlWFp48m1O,Hypersonic Missiles,71
6zlR5ttMfMNmwf2lecU9Cc,Sam Fender,,75,6ty3uMPCIEGVgGbrvHfeoU,Arm's Length,70
6zlR5ttMfMNmwf2lecU9Cc,Sam Fender,,75,6YrNd7sFarQAUflTPcTH0h,Spit Of You,70
6zlR5ttMfMNmwf2lecU9Cc,Sam Fender,,75,5g0HSob4PEq7M8blV6y70i,Will We Talk?,67
6zlR5ttMfMNmwf2lecU9Cc,Sam Fender,,75,4L3Rud7r43lpC2NVJeSzSO,Homesick (with Sam Fender),66
6zlR5ttMfMNmwf2lecU9Cc,Sam Fender,,75,3y6DzVmGrnOEftEgBKb3fq,Little Bit Closer,66
10VBp06W8NIgMW4JruLCC4,Kidd Voodoo,"reggaeton chileno, chilean trap",75,6jBoUckd6VEImt6pg8RpDr,Me Mareo,79
10VBp06W8NIgMW4JruLCC4,Kidd Voodoo,"reggaeton chileno, chilean trap",75,0Lahr7sUDdtYnX3n3KobR6,PONTE LOKITA,74
10VBp06W8NIgMW4JruLCC4,Kidd Voodoo,"reggaeton chileno, chilean trap",75,1iTBWVDuQaQ7yMybZri66d,Destello...,71
10VBp06W8NIgMW4JruLCC4,Kidd Voodoo,"reggaeton chileno, chilean trap",75,3nDhIGkMvnsd8zo5u6eD05,WHISKY A LA ROCA,70
10VBp06W8NIgMW4JruLCC4,Kidd Voodoo,"reggaeton chileno, chilean trap",75,6wvLZrankL4gRiWEGl6eF4,Ta' Bellaka,68
10VBp06W8NIgMW4JruLCC4,Kidd Voodoo,"reggaeton chileno, chilean trap",75,0rm4galJHD3P6MXSpfFsCK,MAKATUSSIN,65
10VBp06W8NIgMW4JruLCC4,Kidd Voodoo,"reggaeton chileno, chilean trap",75,2BEJp2meUuyLN8TxU3bZQn,ACELERAAÁ,65
10VBp06W8NIgMW4JruLCC4,Kidd Voodoo,"reggaeton chileno, chilean trap",75,72PMAMYZYL060JML0S3khc,Confortas Pero Dañas,65
10VBp06W8NIgMW4JruLCC4,Kidd Voodoo,"reggaeton chileno, chilean trap",75,7spAR93xvPOfkxIeTGbpPf,Tas Texteandome,65
10VBp06W8NIgMW4JruLCC4,Kidd Voodoo,"reggaeton chileno, chilean trap",75,465lkwZP4ZXzWqZq4kOhgW,La Verdad,65
2hejA1Dkf8v8R0koF44FvW,Gera MX,"mexican hip hop, latin hip hop",76,2MnLkFqY9Rpg9s3Zv6ZJdK,Botella Tras Botella,75
2hejA1Dkf8v8R0koF44FvW,Gera MX,"mexican hip hop, latin hip hop",76,7fdGqeuvSLVNMwFb6mDbXp,Nunca Te Pude Alcanzar,70
2hejA1Dkf8v8R0koF44FvW,Gera MX,"mexican hip hop, latin hip hop",76,4lIaBc1VDBltVVi1Wd2iOZ,Me Toca Perder,68
2hejA1Dkf8v8R0koF44FvW,Gera MX,"mexican hip hop, latin hip hop",76,5sbj4M33WaHilEaJAhRPp8,Huracán,68
2hejA1Dkf8v8R0koF44FvW,Gera MX,"mexican hip hop, latin hip hop",76,6mDaKsBN1KHIBfeNXJwhZk,Se Me Olvidó,67
2hejA1Dkf8v8R0koF44FvW,Gera MX,"mexican hip hop, latin hip hop",76,6QY5zaoulgveKCr7XE0vs9,Invisibles,67
2hejA1Dkf8v8R0koF44FvW,Gera MX,"mexican hip hop, latin hip hop",76,2sd6fpR9vfyC9kIbaz9LJ2,Y Ahora Quien,67
2hejA1Dkf8v8R0koF44FvW,Gera MX,"mexican hip hop, latin hip hop",76,2exWbaQYhLEveLV8Nf01EF,Los Niños Grandes No Juegan,66
2hejA1Dkf8v8R0koF44FvW,Gera MX,"mexican hip hop, latin hip hop",76,7uYFOLEhhmojSLTyVZ8r4O,Ojos Tumbados,66
2hejA1Dkf8v8R0koF44FvW,Gera MX,"mexican hip hop, latin hip hop",76,2TV1EuYnG5XqEyQSd1EB9X,Como Pacman,63
1on7ZQ2pvgeQF4vmIA09x5,Charlie Brown Jr.,"brazilian rock, mpb, brazilian pop",76,3nI0piSOxAik2RCpHGloB7,Só Os Loucos Sabem,74
1on7ZQ2pvgeQF4vmIA09x5,Charlie Brown Jr.,"brazilian rock, mpb, brazilian pop",76,4gEFeIEORz8thfqMY7nKcb,Lugar Ao Sol,72
1on7ZQ2pvgeQF4vmIA09x5,Charlie Brown Jr.,"brazilian rock, mpb, brazilian pop",76,006pMMCuRo2TFjh8sNGSov,"Dias De Luta, Dias De Gloria",72
1on7ZQ2pvgeQF4vmIA09x5,Charlie Brown Jr.,"brazilian rock, mpb, brazilian pop",76,70dJEanFPdYuWZumkrnKeX,Ela Vai Voltar (Todos Os Defeitos De Uma Mulher Perfeita),72
1on7ZQ2pvgeQF4vmIA09x5,Charlie Brown Jr.,"brazilian rock, mpb, brazilian pop",76,3QI5bIozef0HZ1kJnA2RdT,Como Tudo Deve Ser,71
1on7ZQ2pvgeQF4vmIA09x5,Charlie Brown Jr.,"brazilian rock, mpb, brazilian pop",76,3cqeso9qMA6HoISorEoFfk,Céu Azul,70
1on7ZQ2pvgeQF4vmIA09x5,Charlie Brown Jr.,"brazilian rock, mpb, brazilian pop",76,0LDT8QEHbPA0aawzm9CWP7,Meu Novo Mundo,69
1on7ZQ2pvgeQF4vmIA09x5,Charlie Brown Jr.,"brazilian rock, mpb, brazilian pop",76,1z1EeTXwnz3gvoUvzvkkdw,Céu Azul - Ao Vivo,68
1on7ZQ2pvgeQF4vmIA09x5,Charlie Brown Jr.,"brazilian rock, mpb, brazilian pop",76,0qmzAFEijLDdvR2VbjFsPH,Zóio De Lula,39
1on7ZQ2pvgeQF4vmIA09x5,Charlie Brown Jr.,"brazilian rock, mpb, brazilian pop",76,7g5e7U3qs4VxRTViPdymip,Pontes Indestrutiveis - Ao Vivo,36
3rfM2cGqF6DB0kUyytMkXx,Orochi,"brazilian trap, brazilian hip hop, trap funk, trap",77,0sy2mtvcM7V5ETtmQIbGVt,Van Cleef,74
3rfM2cGqF6DB0kUyytMkXx,Orochi,"brazilian trap, brazilian hip hop, trap funk, trap",77,1Nmcs8zk7LfcvHRgLtTM5J,Amor de Fim de Noite,73
3rfM2cGqF6DB0kUyytMkXx,Orochi,"brazilian trap, brazilian hip hop, trap funk, trap",77,5XhG8HGyxLrkJAASxLA463,Champagne,73
3rfM2cGqF6DB0kUyytMkXx,Orochi,"brazilian trap, brazilian hip hop, trap funk, trap",77,3bpNcH1SCEMn6zuynZGY5e,Fashion,72
3rfM2cGqF6DB0kUyytMkXx,Orochi,"brazilian trap, brazilian hip hop, trap funk, trap",77,3zXIfbjxSzPMNP6JDZsQsi,Mitsubishi,72
3rfM2cGqF6DB0kUyytMkXx,Orochi,"brazilian trap, brazilian hip hop, trap funk, trap",77,5JC2ezFSbkVi4Js4byzKoj,Poesia Acústica #6 Era uma Vez,71
3rfM2cGqF6DB0kUyytMkXx,Orochi,"brazilian trap, brazilian hip hop, trap funk, trap",77,5geU4byUA1hnQofQPOsPDS,Sereia,69
3rfM2cGqF6DB0kUyytMkXx,Orochi,"brazilian trap, brazilian hip hop, trap funk, trap",77,3pC5Zki978Ey1MdFDXd7wj,Celebridade,69
3rfM2cGqF6DB0kUyytMkXx,Orochi,"brazilian trap, brazilian hip hop, trap funk, trap",77,1DdEU9f7uXklMx6Dm0Mdwq,Acende o Isqueiro,67
3rfM2cGqF6DB0kUyytMkXx,Orochi,"brazilian trap, brazilian hip hop, trap funk, trap",77,54FV2rMVwLusAVnzROB0c1,Mesma História,66
3YbOSxo85kla7RID8ugnW3,Los Temerarios,"grupera, ranchera",79,4MNfkZ8dtva3cjJ2biqnDS,Ven Porque Te Necesito,76
3YbOSxo85kla7RID8ugnW3,Los Temerarios,"grupera, ranchera",79,7dWSrvzawBZPa7VVeHZBn7,Tu Última Canción,75
3YbOSxo85kla7RID8ugnW3,Los Temerarios,"grupera, ranchera",79,6jkEUTIKec0nXvXYC3HZdo,Acepta Mi Error,74
3YbOSxo85kla7RID8ugnW3,Los Temerarios,"grupera, ranchera",79,5mKwzq7UTXf1xwWcpPoteX,Mi Vida Eres Tú,74
3YbOSxo85kla7RID8ugnW3,Los Temerarios,"grupera, ranchera",79,46HSR9UPHXZxeR7EUvFERG,Sé Que Te Amo,74
3YbOSxo85kla7RID8ugnW3,Los Temerarios,"grupera, ranchera",79,4gxzgTzA4MSLf5rje1rX65,Eres un Sueño,74
3YbOSxo85kla7RID8ugnW3,Los Temerarios,"grupera, ranchera",79,3CH8ti307xUz5NlaHoQBPR,Como Te Recuerdo,73
3YbOSxo85kla7RID8ugnW3,Los Temerarios,"grupera, ranchera",79,54gaPLcsCWmPUmrgpib9mS,Ahí Estaré Yo,72
3YbOSxo85kla7RID8ugnW3,Los Temerarios,"grupera, ranchera",79,4ylbpmTRMsG2OST1MqAZ9S,La Mujer Que Soñe,72
3YbOSxo85kla7RID8ugnW3,Los Temerarios,"grupera, ranchera",79,4j9qP0PaNo3QMFkKNtv7At,Tu Infame Engaño,72
1T7MiVJ2MJlR5GKi11w4VT,Pawan Singh,"bhojpuri pop, bhojiwood",75,0mNiObA53IxLD6LqvWw1CN,Rajaji Ke Dilwa,70
1T7MiVJ2MJlR5GKi11w4VT,Pawan Singh,"bhojpuri pop, bhojiwood",75,1D5uEslA1uV5IGpkEU4qur,Aaho Raja,69
1T7MiVJ2MJlR5GKi11w4VT,Pawan Singh,"bhojpuri pop, bhojiwood",75,5wxsdMJfZs1TEh29ernXIg,"Sorry Sorry - From ""Bhojpuriya Raja""",68
1T7MiVJ2MJlR5GKi11w4VT,Pawan Singh,"bhojpuri pop, bhojiwood",75,5uPWs4aZdkzNFkUZUXsvDu,Saiya Sewa Kare,68
1T7MiVJ2MJlR5GKi11w4VT,Pawan Singh,"bhojpuri pop, bhojiwood",75,4DjnIaybFgiUXooTUgUERA,Babuaan,66
1T7MiVJ2MJlR5GKi11w4VT,Pawan Singh,"bhojpuri pop, bhojiwood",75,3WjjelQsKm5SIBXhoOrT4Q,"Chhalakata Hamro Jawaniya - From ""Bhojpuriya Raja""",65
1T7MiVJ2MJlR5GKi11w4VT,Pawan Singh,"bhojpuri pop, bhojiwood",75,5ChdWbK5NqryXQrERPATGU,Hari Hari Odhani,65
1T7MiVJ2MJlR5GKi11w4VT,Pawan Singh,"bhojpuri pop, bhojiwood",75,4p0oGyH8Nfb9DDYAaNiVVq,Raja Ji,63
1T7MiVJ2MJlR5GKi11w4VT,Pawan Singh,"bhojpuri pop, bhojiwood",75,2TnmSSPkcPdHYYw2Lu84C1,"Aayi Nai (From ""Stree 2"")",59
1T7MiVJ2MJlR5GKi11w4VT,Pawan Singh,"bhojpuri pop, bhojiwood",75,3wJ2PHesS9xsuCWdEsXpxy,Laal Ghaghra,32
5vngPClqofybhPERIqQMYd,George Strait,"country, classic country, traditional country, honky tonk",75,4TnUKixNWMfajncgdSwFoi,Amarillo By Morning,74
5vngPClqofybhPERIqQMYd,George Strait,"country, classic country, traditional country, honky tonk",75,6iy4PoAuZBMvtrlDX4VxC7,Check Yes Or No,73
5vngPClqofybhPERIqQMYd,George Strait,"country, classic country, traditional country, honky tonk",75,7puxIVNdj5nsBJk43zM3bH,Carrying Your Love With Me,72
5vngPClqofybhPERIqQMYd,George Strait,"country, classic country, traditional country, honky tonk",75,1TanmIWbaUj5NVwJ3k4XPd,Write This Down,72
5vngPClqofybhPERIqQMYd,George Strait,"country, classic country, traditional country, honky tonk",75,11OFYsUK9EVJsQ6nutH32M,Here For A Good Time,68
5vngPClqofybhPERIqQMYd,George Strait,"country, classic country, traditional country, honky tonk",75,5QxFcHmC8KjEyTqihiZokY,All My Ex's Live In Texas,67
5vngPClqofybhPERIqQMYd,George Strait,"country, classic country, traditional country, honky tonk",75,4sDiJmHNcm0wLTH8ns65va,The Chair,67
5vngPClqofybhPERIqQMYd,George Strait,"country, classic country, traditional country, honky tonk",75,1qHRFZE8qykNXYZadzmi1m,Give It Away,67
5vngPClqofybhPERIqQMYd,George Strait,"country, classic country, traditional country, honky tonk",75,4qjmnM1aYvayCTDd0uuRKH,Troubadour,67
5vngPClqofybhPERIqQMYd,George Strait,"country, classic country, traditional country, honky tonk",75,0J3AaAp2XKLhfvNNYE6iie,You Look So Good In Love,65
0vLuOi2k62sHujIfplInlK,Hungria,brazilian hip hop,75,2BZx6pvXQpY8pExUmdkkm1,Lembranças,64
0vLuOi2k62sHujIfplInlK,Hungria,brazilian hip hop,75,6ZEKE3RR5EMhAMTJzjGOB6,Amor e Fé - Acústico,63
0vLuOi2k62sHujIfplInlK,Hungria,brazilian hip hop,75,1bJHpPYNlR0o7038aoUsbR,Zorro do Asfalto,63
0vLuOi2k62sHujIfplInlK,Hungria,brazilian hip hop,75,6waLZw9qNP36DtHFPeyTz6,Coração de Aço,63
0vLuOi2k62sHujIfplInlK,Hungria,brazilian hip hop,75,0BB3OKNepoICimJJgfcNbs,Insônia,62
0vLuOi2k62sHujIfplInlK,Hungria,brazilian hip hop,75,3CgZi8DMUftJHK6WL2gKc1,Um Pedido,61
0vLuOi2k62sHujIfplInlK,Hungria,brazilian hip hop,75,3cuY2usAdXwLGKh8TtWgj5,Provavelmente,61
0vLuOi2k62sHujIfplInlK,Hungria,brazilian hip hop,75,16Ij1j3ZawPQ2vxsnusKLY,Dubai,61
0vLuOi2k62sHujIfplInlK,Hungria,brazilian hip hop,75,2ZRUWMCqMgXEPILkncokO9,Detalhes,60
0vLuOi2k62sHujIfplInlK,Hungria,brazilian hip hop,75,4IPfYXGn9olWEpuH5ZrqEg,Esquadrilha da Fumaça,55
3nFB4eMP5gdqee2eQb8nZb,Conjunto Primavera,"norteño, grupera, norteño-sax, banda, ranchera, cumbia norteña",75,7A2q0QaLWjnH3ufI4WFzM9,Necesito Decirte,76
3nFB4eMP5gdqee2eQb8nZb,Conjunto Primavera,"norteño, grupera, norteño-sax, banda, ranchera, cumbia norteña",75,06WecehO0wgP8jJIoCURKl,Algo De Mí,74
3nFB4eMP5gdqee2eQb8nZb,Conjunto Primavera,"norteño, grupera, norteño-sax, banda, ranchera, cumbia norteña",75,3opWtXcWfM3YFzrm0ffSII,Morir De Amor,71
3nFB4eMP5gdqee2eQb8nZb,Conjunto Primavera,"norteño, grupera, norteño-sax, banda, ranchera, cumbia norteña",75,40zbUyF2wr57sDd9ziGDjc,Te Lloré,70
3nFB4eMP5gdqee2eQb8nZb,Conjunto Primavera,"norteño, grupera, norteño-sax, banda, ranchera, cumbia norteña",75,5uexdMpm1BUShEKQEte4Gx,Ave Cautiva,70
3nFB4eMP5gdqee2eQb8nZb,Conjunto Primavera,"norteño, grupera, norteño-sax, banda, ranchera, cumbia norteña",75,3AmUaQwitKbbDQoHOtkw9c,Ese,69
3nFB4eMP5gdqee2eQb8nZb,Conjunto Primavera,"norteño, grupera, norteño-sax, banda, ranchera, cumbia norteña",75,6KfMaLSdCCHy8DwjlMjxqu,Adiós Amor,69
3nFB4eMP5gdqee2eQb8nZb,Conjunto Primavera,"norteño, grupera, norteño-sax, banda, ranchera, cumbia norteña",75,7cmdmDyKZDgK92uPlTBg6m,Actos De Un Tonto,63
3nFB4eMP5gdqee2eQb8nZb,Conjunto Primavera,"norteño, grupera, norteño-sax, banda, ranchera, cumbia norteña",75,5iCcDXbsM7Sj0kP7h9g60b,Una Vez Más,61
3nFB4eMP5gdqee2eQb8nZb,Conjunto Primavera,"norteño, grupera, norteño-sax, banda, ranchera, cumbia norteña",75,5rvBGflS4yuTFeSNKVrOq7,No Te Podías Quedar,59
1fUSLFr4WUBx7joEcGwpvG,Sorriso Maroto,"pagode, samba",76,65vJAh07BdwurqR9SRa6f8,Apaguei Pra Todos - Ao Vivo,76
1fUSLFr4WUBx7joEcGwpvG,Sorriso Maroto,"pagode, samba",76,1kWcd9h9HoeXsKaDVhSOtj,Ela - Ao Vivo,73
1fUSLFr4WUBx7joEcGwpvG,Sorriso Maroto,"pagode, samba",76,5W7OZVxOtnQsPVLOEUvu1G,Fica com Deus - Ao Vivo,73
1fUSLFr4WUBx7joEcGwpvG,Sorriso Maroto,"pagode, samba",76,7HS03vpAYoQuZxeXSpzGbM,Como Nunca Amei Ninguém / Por Tão Pouco - Ao Vivo,72
1fUSLFr4WUBx7joEcGwpvG,Sorriso Maroto,"pagode, samba",76,28tIFuQHxmEZAg2FljrCwp,Sinais - Ao Vivo,69
1fUSLFr4WUBx7joEcGwpvG,Sorriso Maroto,"pagode, samba",76,3AJhn8JHsUq64vzQgPGm4T,É Tarde Demais / Estou Mal - Ao Vivo,67
1fUSLFr4WUBx7joEcGwpvG,Sorriso Maroto,"pagode, samba",76,06WkQibI8OhOLjDxIRKu5B,Ainda Gosto de Você / Já Era - Ao Vivo,66
1fUSLFr4WUBx7joEcGwpvG,Sorriso Maroto,"pagode, samba",76,6npsMy4sqPy5oywywl2UJy,Me Olha Nos Olhos / Futuro Prometido / Não Tem Perdão - Ao Vivo,65
1fUSLFr4WUBx7joEcGwpvG,Sorriso Maroto,"pagode, samba",76,6jkgY6ajkm4vTUHaCMGT0y,Quando é Amor / Dói Demais / Depois do Prazer - Ao Vivo,62
1fUSLFr4WUBx7joEcGwpvG,Sorriso Maroto,"pagode, samba",76,1iZDU9Ea62VZsZDIIOCoTf,Promessas - Ao Vivo,57
2CmaKO2zEGJ1NWpS1yfVGz,Falling In Reverse,"emo, rap metal",75,0mROspyBziPHPyxTPFvKaH,God Is A Weapon,78
2CmaKO2zEGJ1NWpS1yfVGz,Falling In Reverse,"emo, rap metal",75,4myFsmx2v6znDOJfn3IkbD,Popular Monster,74
2CmaKO2zEGJ1NWpS1yfVGz,Falling In Reverse,"emo, rap metal",75,1mB7dCUM7sPyNab6R43nlj,The Drug In Me Is You,74
2CmaKO2zEGJ1NWpS1yfVGz,Falling In Reverse,"emo, rap metal",75,1SlxMFZexm81T0tUK6mwni,Watch The World Burn,72
2CmaKO2zEGJ1NWpS1yfVGz,Falling In Reverse,"emo, rap metal",75,1jVXXu8W4iny6MRkxKxxPI,Voices In My Head,71
2CmaKO2zEGJ1NWpS1yfVGz,Falling In Reverse,"emo, rap metal",75,7uAWPqXthO4pO2Exc8V90t,Bad Guy,71
2CmaKO2zEGJ1NWpS1yfVGz,Falling In Reverse,"emo, rap metal",75,7l0Lr7Tl4Gt8hQj4v3rwtf,I'm Not A Vampire,70
2CmaKO2zEGJ1NWpS1yfVGz,Falling In Reverse,"emo, rap metal",75,4TncWhCfACwaIU8hllz8SQ,Sexy Drug,69
2CmaKO2zEGJ1NWpS1yfVGz,Falling In Reverse,"emo, rap metal",75,1USeS8c7cpR8dmb07IUAnZ,ZOMBIFIED,68
2CmaKO2zEGJ1NWpS1yfVGz,Falling In Reverse,"emo, rap metal",75,2eKoPnGnuHqIpfph45z44W,Ronald,66
1GMwSpFzrLd12jUX15bHB6,BLOK3,"turkish hip hop, turkish pop",78,4PA0CfHSeg5yYx7PCyGeMb,napıyosun mesela ?,82
1GMwSpFzrLd12jUX15bHB6,BLOK3,"turkish hip hop, turkish pop",78,1RwVkonL4anIGeNZo0OPp1,git,81
1GMwSpFzrLd12jUX15bHB6,BLOK3,"turkish hip hop, turkish pop",78,3ff93VTp2DBbNnDEsAW8Cm,SEVMEYİ DENEMEDİN,78
1GMwSpFzrLd12jUX15bHB6,BLOK3,"turkish hip hop, turkish pop",78,1horGWxHKfwctCKdHwrO0n,Keşke,78
1GMwSpFzrLd12jUX15bHB6,BLOK3,"turkish hip hop, turkish pop",78,3ZwRkdnTb4az8X5n4WXuHA,aklına ben gelicem,76
1GMwSpFzrLd12jUX15bHB6,BLOK3,"turkish hip hop, turkish pop",78,1mgoLJV5W6JSWanT5bgf3o,KUSURA BAKMA,75
1GMwSpFzrLd12jUX15bHB6,BLOK3,"turkish hip hop, turkish pop",78,2X4NUYZN0ylbM41ADKYv1X,GELME İSTEMEM,73
1GMwSpFzrLd12jUX15bHB6,BLOK3,"turkish hip hop, turkish pop",78,0SwRpscOdj6PBhudNVIGpW,ZEHİRLİ GÜL,71
1GMwSpFzrLd12jUX15bHB6,BLOK3,"turkish hip hop, turkish pop",78,232LbugfZaCUwq82xiELtd,BAYBAY,71
1GMwSpFzrLd12jUX15bHB6,BLOK3,"turkish hip hop, turkish pop",78,2CdAVMxPhRsEHr3w5JzJu6,Hako diyorlar,70
5JXhkyafynxCvxtov7C1PV,Bruno & Marrone,"sertanejo, sertanejo tradicional, sertanejo universitário",75,6cXfVLlxp3ahOSCmV1V3AW,Vida Vazia - Ao Vivo,69
5JXhkyafynxCvxtov7C1PV,Bruno & Marrone,"sertanejo, sertanejo tradicional, sertanejo universitário",75,4Z20Nlp53CuArdsy0VbeTb,Boate Azul - Ao Vivo,68
5JXhkyafynxCvxtov7C1PV,Bruno & Marrone,"sertanejo, sertanejo tradicional, sertanejo universitário",75,0ePhIItlhR2ILsoEfPHzHM,Movimentos Sutis - Ao Vivo,67
5JXhkyafynxCvxtov7C1PV,Bruno & Marrone,"sertanejo, sertanejo tradicional, sertanejo universitário",75,2EVaHMfXlWw4ANf6Mb8c5P,Na Conta Da Loucura - Ao Vivo,67
5JXhkyafynxCvxtov7C1PV,Bruno & Marrone,"sertanejo, sertanejo tradicional, sertanejo universitário",75,05kS38NDY87Q9ATpN5Hpi8,Esqueci Você - Ao Vivo,67
5JXhkyafynxCvxtov7C1PV,Bruno & Marrone,"sertanejo, sertanejo tradicional, sertanejo universitário",75,3Yp3YtYXrJ1ndMcc0tpaus,Dormi na Praça - Ao Vivo,67
5JXhkyafynxCvxtov7C1PV,Bruno & Marrone,"sertanejo, sertanejo tradicional, sertanejo universitário",75,3pANwjrypucSkTOQdSFbEK,Amor de Carnaval - Ao Vivo,66
5JXhkyafynxCvxtov7C1PV,Bruno & Marrone,"sertanejo, sertanejo tradicional, sertanejo universitário",75,6KVqLlcP1rTzXBx1vd3ggA,Inevitável - Ao Vivo,65
5JXhkyafynxCvxtov7C1PV,Bruno & Marrone,"sertanejo, sertanejo tradicional, sertanejo universitário",75,0tpi2gdr05e47hvHNhisCR,Um Bom Perdedor (Un Buen Perdedor) - Ao Vivo,64
5JXhkyafynxCvxtov7C1PV,Bruno & Marrone,"sertanejo, sertanejo tradicional, sertanejo universitário",75,6Aw11M9NT2tBeEj3mPKrjy,Facas - Ao Vivo,59
7ITMCzIU9uII8gwRg8JAhc,Odetari,"hyperpop, nightcore",76,2yR2sziCF4WEs3klW1F38d,KEEP UP,75
7ITMCzIU9uII8gwRg8JAhc,Odetari,"hyperpop, nightcore",76,06tNJ27nVxbDwhiQMChWyr,GOOD LOYAL THOTS,73
7ITMCzIU9uII8gwRg8JAhc,Odetari,"hyperpop, nightcore",76,4D1k6x4MXTaSnljSvAXhaf,GMFU (w/ 6arelyhuman),73
7ITMCzIU9uII8gwRg8JAhc,Odetari,"hyperpop, nightcore",76,1gS8gU93CLLk8LqRbGEj0T,HEAVY LOVE,70
7ITMCzIU9uII8gwRg8JAhc,Odetari,"hyperpop, nightcore",76,4c7l8xLznlxhhAkHgRiVe8,KEEP FOLLOWING,70
7ITMCzIU9uII8gwRg8JAhc,Odetari,"hyperpop, nightcore",76,7E9kejvFw8NDfuu4y3hqkp,LOOK DON’T TOUCH (w/ cade clair),70
7ITMCzIU9uII8gwRg8JAhc,Odetari,"hyperpop, nightcore",76,6lDJ0CkQ6LdQv5EUQ39rpg,NARCISSISTIC PERSONALITY DISORDER,70
7ITMCzIU9uII8gwRg8JAhc,Odetari,"hyperpop, nightcore",76,5YD2m6RFAGVjrZsRR2tnDE,DICE AND ROLL,69
7ITMCzIU9uII8gwRg8JAhc,Odetari,"hyperpop, nightcore",76,5YF8uBmCTW4HXsI13tsQAO,I LOVE YOU HOE (w/ 9lives),68
7ITMCzIU9uII8gwRg8JAhc,Odetari,"hyperpop, nightcore",76,1Ll2L0m2QznnoJI9xRN5MP,HYPNOTIC DATA,68
7HO5fOXE4gh3lzZn64tX2E,Mariah the Scientist,alternative r&b,75,4MbzauKV2ydtZZjLsPcuTF,Spread Thin,76
7HO5fOXE4gh3lzZn64tX2E,Mariah the Scientist,alternative r&b,75,1WBD2KNkYu880G7ElAituh,Burning Blue,74
7HO5fOXE4gh3lzZn64tX2E,Mariah the Scientist,alternative r&b,75,31Oh4pwZWjBTuRmzNtxj10,Is It a Crime,74
7HO5fOXE4gh3lzZn64tX2E,Mariah the Scientist,alternative r&b,75,4hpV1Xrh2HbyMovybPJdTS,Robbed You (with Mariah the Scientist),72
7HO5fOXE4gh3lzZn64tX2E,Mariah the Scientist,alternative r&b,75,5UyE68WJRtNobAhUHDOesw,2 You,71
7HO5fOXE4gh3lzZn64tX2E,Mariah the Scientist,alternative r&b,75,7vIDhgD7WWTMpvgJebImoN,All For Me,71
7HO5fOXE4gh3lzZn64tX2E,Mariah the Scientist,alternative r&b,75,6dbENHQHHtWRai4snSvy2w,Always n Forever (feat. Lil Baby),71
7HO5fOXE4gh3lzZn64tX2E,Mariah the Scientist,alternative r&b,75,2VqSmz8j6E37ur48A9FOia,"Pretty Promises, (feat. Mariah The Scientist)",66
7HO5fOXE4gh3lzZn64tX2E,Mariah the Scientist,alternative r&b,75,5wvEi76FhYzFhuUQZ3Jcfz,Sacrifice,62
7HO5fOXE4gh3lzZn64tX2E,Mariah the Scientist,alternative r&b,75,0qu4IXfQMuBp0XZItxQzU9,Rainy Days,61
3prRKGJz16RRMRSIM97nHw,Supernova Ent,"brazilian trap, trap, trap funk, brazilian hip hop",77,2De1EHbIhepIVLHZ16bySE,Talvez você precise de mim,81
3prRKGJz16RRMRSIM97nHw,Supernova Ent,"brazilian trap, trap, trap funk, brazilian hip hop",77,7yRlmQTjZ5pdtlq7ska9mj,Artista Genérico,76
3prRKGJz16RRMRSIM97nHw,Supernova Ent,"brazilian trap, trap, trap funk, brazilian hip hop",77,4hKLzFvNwHF6dPosGT30ed,Novo Balanço,72
3prRKGJz16RRMRSIM97nHw,Supernova Ent,"brazilian trap, trap, trap funk, brazilian hip hop",77,39xOREhViooEYFpmnKTdrl,Engana Dizendo Que Ama,71
3prRKGJz16RRMRSIM97nHw,Supernova Ent,"brazilian trap, trap, trap funk, brazilian hip hop",77,0Q1ySdDoHDiotYn4nbMXNm,CONFISSÕES PT2,71
3prRKGJz16RRMRSIM97nHw,Supernova Ent,"brazilian trap, trap, trap funk, brazilian hip hop",77,6XskAqvDLILS4lHYufqK2D,Mônaco Freestyle,69
3prRKGJz16RRMRSIM97nHw,Supernova Ent,"brazilian trap, trap, trap funk, brazilian hip hop",77,6tGQ5RuoGC9jYuiVVLWBMo,Vida Chique,69
3prRKGJz16RRMRSIM97nHw,Supernova Ent,"brazilian trap, trap, trap funk, brazilian hip hop",77,5Bp7TFENcgsdLCL8fMOSKs,"Adora a bunda, odeia o rosto (feat. Veigh & Niink)",68
3prRKGJz16RRMRSIM97nHw,Supernova Ent,"brazilian trap, trap, trap funk, brazilian hip hop",77,29uxcZEFonwiErtNvn0VXA,Mandraka,67
3prRKGJz16RRMRSIM97nHw,Supernova Ent,"brazilian trap, trap, trap funk, brazilian hip hop",77,09UBWllfFyJthRw8c5Y13Q,Taylor,66
6lcwlkAjBPSKnFBZjjZFJs,Alex G,,76,7fyG2MquxykO3Ufiku1Dj2,Treehouse,79
6lcwlkAjBPSKnFBZjjZFJs,Alex G,,76,1V9lCLSierc1RFpERt6ak9,Things to Do,73
6lcwlkAjBPSKnFBZjjZFJs,Alex G,,76,4HuiEuJ7ZW8jewUuZBg6sk,Sarah,72
6lcwlkAjBPSKnFBZjjZFJs,Alex G,,76,3XUqkTZBYQr3Nj0nifAW2S,Harvey,70
6lcwlkAjBPSKnFBZjjZFJs,Alex G,,76,4p9iQNEmsIGkB6eG8Val8n,Mary,70
6lcwlkAjBPSKnFBZjjZFJs,Alex G,,76,50gchdAhBUnVOLqQRyKE9L,Race,70
6lcwlkAjBPSKnFBZjjZFJs,Alex G,,76,1llY5gzWqdAjm1Hscr4kwn,Mis,69
6lcwlkAjBPSKnFBZjjZFJs,Alex G,,76,4ff1q6L0CZ3nf3LKJ1O7lY,16 Mirrors,67
6lcwlkAjBPSKnFBZjjZFJs,Alex G,,76,3suf1WpGLuPpq2DXkkmyK5,Forever,66
6lcwlkAjBPSKnFBZjjZFJs,Alex G,,76,3poJLRLGViMX3gicX9UYtD,Advice,63
1zEo6Fk1iaaOYFlFPBHCFn,Humberto & Ronaldo,"sertanejo, sertanejo universitário, arrocha",75,2j7IPPMZt5nE5R4r2AbKZ8,12 Horas / Pra Você Acreditar - Ao Vivo,78
1zEo6Fk1iaaOYFlFPBHCFn,Humberto & Ronaldo,"sertanejo, sertanejo universitário, arrocha",75,3nCuLb5HKpHYpUY3u47KG1,Tem Que Ser Você / O Que Combina Comigo É Você - Ao Vivo,73
1zEo6Fk1iaaOYFlFPBHCFn,Humberto & Ronaldo,"sertanejo, sertanejo universitário, arrocha",75,5BOcmHCBRF3nlZR2BK32lY,Coração Partido / Depois do Prazer / Cheia de Manias - Ao Vivo,68
1zEo6Fk1iaaOYFlFPBHCFn,Humberto & Ronaldo,"sertanejo, sertanejo universitário, arrocha",75,1EX1mqUs9rm2CLXMV7ETjw,Reinventar / Guerra Fria - Ao Vivo,67
1zEo6Fk1iaaOYFlFPBHCFn,Humberto & Ronaldo,"sertanejo, sertanejo universitário, arrocha",75,0iOQtcrRI4OXDviDpAVxKT,Duas Vezes Você / Nova York - Ao Vivo,66
1zEo6Fk1iaaOYFlFPBHCFn,Humberto & Ronaldo,"sertanejo, sertanejo universitário, arrocha",75,4rsYqpauOELQD9VFukxniJ,Decida / Seu Amor Ainda É Tudo - Ao Vivo,66
1zEo6Fk1iaaOYFlFPBHCFn,Humberto & Ronaldo,"sertanejo, sertanejo universitário, arrocha",75,0FQNy2FbMKGH77bteprkBf,Sensível Demais / É Isso Aí - Ao Vivo,66
1zEo6Fk1iaaOYFlFPBHCFn,Humberto & Ronaldo,"sertanejo, sertanejo universitário, arrocha",75,1ufQ7AutuxQUUxXiLgNHp4,Antes de Voltar pra Casa / A Ferro e Fogo - Ao Vivo,65
1zEo6Fk1iaaOYFlFPBHCFn,Humberto & Ronaldo,"sertanejo, sertanejo universitário, arrocha",75,6eTQkoATdVxt9SS6MDtqXa,Tudo Que Vai / Tempo Perdido - Ao Vivo,64
1zEo6Fk1iaaOYFlFPBHCFn,Humberto & Ronaldo,"sertanejo, sertanejo universitário, arrocha",75,3ZlO6KaQXqH1tA11cgzVFD,Paixão de Peão / Que Pescar Que Nada - Ao Vivo,61
4PULA4EFzYTrxYvOVlwpiQ,Sidhu Moose Wala,"punjabi hip hop, punjabi pop, bhangra, desi hip hop",76,5C3caQlYqE3Z6jcyRTtfME,0008,72
4PULA4EFzYTrxYvOVlwpiQ,Sidhu Moose Wala,"punjabi hip hop, punjabi pop, bhangra, desi hip hop",76,65c6VCikt7f5sAS1heoYQC,Same Beef,72
4PULA4EFzYTrxYvOVlwpiQ,Sidhu Moose Wala,"punjabi hip hop, punjabi pop, bhangra, desi hip hop",76,2erjvSbTPKGalbZZhPgcCL,Dawood,71
4PULA4EFzYTrxYvOVlwpiQ,Sidhu Moose Wala,"punjabi hip hop, punjabi pop, bhangra, desi hip hop",76,0wGrTrI43CKmfzbFNNhftb,East Side Flow,71
4PULA4EFzYTrxYvOVlwpiQ,Sidhu Moose Wala,"punjabi hip hop, punjabi pop, bhangra, desi hip hop",76,3pTtKddF93cQL4cUQEvkIP,Outlaw,70
4PULA4EFzYTrxYvOVlwpiQ,Sidhu Moose Wala,"punjabi hip hop, punjabi pop, bhangra, desi hip hop",76,2Uik6DjW1n5CWbRNdZilV5,Death Route,68
4PULA4EFzYTrxYvOVlwpiQ,Sidhu Moose Wala,"punjabi hip hop, punjabi pop, bhangra, desi hip hop",76,0nznQeyjSQHHp98ZckgCIo,Never Fold,68
4PULA4EFzYTrxYvOVlwpiQ,Sidhu Moose Wala,"punjabi hip hop, punjabi pop, bhangra, desi hip hop",76,6MOzgX8Rj8TpWhG7bd4ZWp,Lock,68
4PULA4EFzYTrxYvOVlwpiQ,Sidhu Moose Wala,"punjabi hip hop, punjabi pop, bhangra, desi hip hop",76,7rXDc2ImBGwcypUFbNqbFB,"Dollar - From ""Dakuaan Da Munda""",68
4PULA4EFzYTrxYvOVlwpiQ,Sidhu Moose Wala,"punjabi hip hop, punjabi pop, bhangra, desi hip hop",76,5ira9VcDBJhaEVSrbHOlIK,295,67
0QntOArZgiNHoemAzwJPu5,Gur Sidhu,"punjabi pop, punjabi hip hop, bhangra",78,2KQBM1PYjg2ZpeA5xbTjrJ,Tutor,76
0QntOArZgiNHoemAzwJPu5,Gur Sidhu,"punjabi pop, punjabi hip hop, bhangra",78,17vaaGEZlUz7b7IMKyDXvy,DXB,75
0QntOArZgiNHoemAzwJPu5,Gur Sidhu,"punjabi pop, punjabi hip hop, bhangra",78,610keNiNVTIkYD0CqeSerg,California Love,74
0QntOArZgiNHoemAzwJPu5,Gur Sidhu,"punjabi pop, punjabi hip hop, bhangra",78,21cuZ2Mv7nAG5arPa3wQiT,Mogambo,73
0QntOArZgiNHoemAzwJPu5,Gur Sidhu,"punjabi pop, punjabi hip hop, bhangra",78,1gK8Ejgf62wfLhZ5huLkW2,Haji Mastan,73
0QntOArZgiNHoemAzwJPu5,Gur Sidhu,"punjabi pop, punjabi hip hop, bhangra",78,0XzQsVLirMJgbQXXc1mPYb,Ranjhea,72
0QntOArZgiNHoemAzwJPu5,Gur Sidhu,"punjabi pop, punjabi hip hop, bhangra",78,4VzONhg2UBxyzcmOi1NFHJ,Banda Bamb,71
0QntOArZgiNHoemAzwJPu5,Gur Sidhu,"punjabi pop, punjabi hip hop, bhangra",78,5vXDlXE3vNa3eA8E73jySm,Convo,71
0QntOArZgiNHoemAzwJPu5,Gur Sidhu,"punjabi pop, punjabi hip hop, bhangra",78,19G7Rxv7SMztrk4Mhpbz03,Farzi,71
0QntOArZgiNHoemAzwJPu5,Gur Sidhu,"punjabi pop, punjabi hip hop, bhangra",78,6xHPBEvcG0RQDfyTq7jc8P,Young G.O.A.T,71
6uothxMWeLWIhsGeF7cyo4,Enya,"new age, celtic",75,5KZ4DC772dYcRBAizx0yYk,Caribbean Blue - 2009 Remaster,76
6uothxMWeLWIhsGeF7cyo4,Enya,"new age, celtic",75,6FLwmdmW77N1Pxb1aWsZmO,Only Time,75
6uothxMWeLWIhsGeF7cyo4,Enya,"new age, celtic",75,1wIQ2Nm0raqOapHK4bCD3J,May It Be,70
6uothxMWeLWIhsGeF7cyo4,Enya,"new age, celtic",75,0y6DSMwFO6cLKN1XB85cGV,A Day Without Rain,66
6uothxMWeLWIhsGeF7cyo4,Enya,"new age, celtic",75,4MJ4El9vcKHOQT2RNIhrh2,Wild Child,65
6uothxMWeLWIhsGeF7cyo4,Enya,"new age, celtic",75,0XcqLTX64dvN9hFeDsIPAD,Book of Days - 2009 Remaster,64
6uothxMWeLWIhsGeF7cyo4,Enya,"new age, celtic",75,5QnjtIv7EJREm0dFVrQr4e,Athair Ar Neamh - 2009 Remaster,64
6uothxMWeLWIhsGeF7cyo4,Enya,"new age, celtic",75,1ueOEwIxlCAivSC8ZrA5xW,One by One,63
6uothxMWeLWIhsGeF7cyo4,Enya,"new age, celtic",75,14EUcXXpqrC03Dzzdj8bGr,Orinoco Flow,59
6uothxMWeLWIhsGeF7cyo4,Enya,"new age, celtic",75,2m8MwTvNHBYIqieOoQeyuY,Watermark,56
6XTGKOV9jceQ6f67lnhpbF,LATIN MAFIA,latin r&b,76,1UTLq40xh63wMrHELGnKWW,2:12 AM,76
6XTGKOV9jceQ6f67lnhpbF,LATIN MAFIA,latin r&b,76,4wtWL0UV8tCPv9VbUMLXYP,No digas nada,76
6XTGKOV9jceQ6f67lnhpbF,LATIN MAFIA,latin r&b,76,4WefXOf8I4gMjdj2kBJgkl,Patadas de Ahogado,75
6XTGKOV9jceQ6f67lnhpbF,LATIN MAFIA,latin r&b,76,712KzUVmtBeFXgJhbMJY5o,Hecho para ti,74
6XTGKOV9jceQ6f67lnhpbF,LATIN MAFIA,latin r&b,76,4Z6pPinNzkGtbgAlE88263,Siento que merezco más,74
6XTGKOV9jceQ6f67lnhpbF,LATIN MAFIA,latin r&b,76,4emEXP671dnpn1thHrogSe,Julieta,74
6XTGKOV9jceQ6f67lnhpbF,LATIN MAFIA,latin r&b,76,1ZunPTRc0PUFfdSWa3qMB1,Yo siempre contesto.,73
6XTGKOV9jceQ6f67lnhpbF,LATIN MAFIA,latin r&b,76,39PPT5p915YbhBfa8GWi4H,Se fue la luz,72
6XTGKOV9jceQ6f67lnhpbF,LATIN MAFIA,latin r&b,76,1dyA1Re4QEQQWGDDT7h9TK,Flores,72
6XTGKOV9jceQ6f67lnhpbF,LATIN MAFIA,latin r&b,76,7zoVtzzASRtacCvgQKLFaS,neo roneo,71
5nP8x4uEFjAAmDzwOEc9b8,Matuê,"brazilian trap, trap, brazilian hip hop, trap funk",77,5oI9blwsXC8AkTWw6wASY8,Máquina do Tempo,75
5nP8x4uEFjAAmDzwOEc9b8,Matuê,"brazilian trap, trap, brazilian hip hop, trap funk",77,4ssHL7bSnOAE7HjiuLx6Co,Crack com Mussilon,74
5nP8x4uEFjAAmDzwOEc9b8,Matuê,"brazilian trap, trap, brazilian hip hop, trap funk",77,1qyiBNYS01TjMkmoeTLJXN,A Morte do Autotune,73
5nP8x4uEFjAAmDzwOEc9b8,Matuê,"brazilian trap, trap, brazilian hip hop, trap funk",77,2fjqfFUq64thFsqfKN01kS,Imagina esse Cenário,73
5nP8x4uEFjAAmDzwOEc9b8,Matuê,"brazilian trap, trap, brazilian hip hop, trap funk",77,4hVTpP7CV9imY9U53p45sX,Anos Luz,72
5nP8x4uEFjAAmDzwOEc9b8,Matuê,"brazilian trap, trap, brazilian hip hop, trap funk",77,6bTdZ7xfKp3NqqADJ8HLyj,Vampiro,72
5nP8x4uEFjAAmDzwOEc9b8,Matuê,"brazilian trap, trap, brazilian hip hop, trap funk",77,3Sa2gVQioE31DcG4nKNDqD,Isso é Sério,71
5nP8x4uEFjAAmDzwOEc9b8,Matuê,"brazilian trap, trap, brazilian hip hop, trap funk",77,0qsKefQyXCzaxjHbOcd8IU,333,71
5nP8x4uEFjAAmDzwOEc9b8,Matuê,"brazilian trap, trap, brazilian hip hop, trap funk",77,6QsHhB0W9GtLF3cI7mUVkQ,1993,71
5nP8x4uEFjAAmDzwOEc9b8,Matuê,"brazilian trap, trap, brazilian hip hop, trap funk",77,0bV0LtjtZH76gD0ujPYS3n,Gorilla Roxo,70
4NJhFmfw43RLBLjQvxDuRS,Wolfgang Amadeus Mozart,"classical, opera, requiem, classical piano, chamber music",76,2ymiJPCDEknHRbIzEze0Dd,"Piano Concerto No. 21 in C Major, K. 467: II. Andante",67
4NJhFmfw43RLBLjQvxDuRS,Wolfgang Amadeus Mozart,"classical, opera, requiem, classical piano, chamber music",76,5p3xMIHQ6YoAIaSgZeOkNa,"Requiem in D Minor, K. 626: Sequence: VI. Lacrimosa dies illa",63
4NJhFmfw43RLBLjQvxDuRS,Wolfgang Amadeus Mozart,"classical, opera, requiem, classical piano, chamber music",76,3oHSL6pt9LpNrQZuQGu9wL,"Requiem, K. 626: Lacrimosa",63
4NJhFmfw43RLBLjQvxDuRS,Wolfgang Amadeus Mozart,"classical, opera, requiem, classical piano, chamber music",76,7kwCAXd0GeQvWvfTgCjaNX,"Die Hochzeit des Figaro, K. 492, 3. Akt: Canzonetta sull aria… Che soave zeffiretto (Die Verurteilten): Sinfonia",63
4NJhFmfw43RLBLjQvxDuRS,Wolfgang Amadeus Mozart,"classical, opera, requiem, classical piano, chamber music",76,0XkcuWNLacWDwEDmvq4CCy,"Serenade in B-Flat Major, K. 361 ""Gran Partita"": III. Adagio",61
4NJhFmfw43RLBLjQvxDuRS,Wolfgang Amadeus Mozart,"classical, opera, requiem, classical piano, chamber music",76,64ta7ZvTJeThz7Ns4LmAHS,"Symphony No. 25 in G Minor, K. 183: I. Allegro con brio",61
4NJhFmfw43RLBLjQvxDuRS,Wolfgang Amadeus Mozart,"classical, opera, requiem, classical piano, chamber music",76,0iGDZom5WctL4eSQogMhMp,"Piano Sonata No. 16 in C Major, K. 545 ""Sonata facile"": I. Allegro",60
4NJhFmfw43RLBLjQvxDuRS,Wolfgang Amadeus Mozart,"classical, opera, requiem, classical piano, chamber music",76,0TaoYjh79vx5yGly65OwQh,"Serenade No. 13 in G Major, K. 525, ""Eine kleine Nachtmusik"": I. Allegro",60
4NJhFmfw43RLBLjQvxDuRS,Wolfgang Amadeus Mozart,"classical, opera, requiem, classical piano, chamber music",76,5VWNEu4dXkRpO3rnQBaN8R,"Fantasia in D Minor, K. 397",52
4NJhFmfw43RLBLjQvxDuRS,Wolfgang Amadeus Mozart,"classical, opera, requiem, classical piano, chamber music",76,58SUOdvnkd9TusgUvwhumf,"Ave verum corpus, K.618 (Arr. for Piano by Franz Liszt)",50
5Ppie0uPnbnvGBYRwYmlt0,Megan Moroney,country,75,4Km9FSF9iaQiTLnFPdbPom,6 Months Later,77
5Ppie0uPnbnvGBYRwYmlt0,Megan Moroney,country,75,6DLbBlGIOjjEj0dNN25zhZ,Tennessee Orange,76
5Ppie0uPnbnvGBYRwYmlt0,Megan Moroney,country,75,6WjwYL2tzzci2pvpv50rS4,Beautiful Things,75
5Ppie0uPnbnvGBYRwYmlt0,Megan Moroney,country,75,36wAwEkSDpNQ4oQeRLYC3L,Am I Okay?,74
5Ppie0uPnbnvGBYRwYmlt0,Megan Moroney,country,75,1z89jCXIK0JzyBtaa7Sn58,Wonder,73
5Ppie0uPnbnvGBYRwYmlt0,Megan Moroney,country,75,2ePiBvKtQOCBHq9uOlwiiU,I'm Not Pretty,72
5Ppie0uPnbnvGBYRwYmlt0,Megan Moroney,country,75,2TOO5Dp8mlKhSq8xTGPXwX,No Caller ID,69
5Ppie0uPnbnvGBYRwYmlt0,Megan Moroney,country,75,4UzkT20tkeSqlKLinRQsA7,Break It Right Back,69
5Ppie0uPnbnvGBYRwYmlt0,Megan Moroney,country,75,6v9i26kpd5HeRx2XYjG3fp,Mama I Lied,67
5Ppie0uPnbnvGBYRwYmlt0,Megan Moroney,country,75,2uUfFZdKQkUoFHFYTbjvgb,Indifferent,65
4sY0lTSkfDMMt27cVvFT6o,Rico Ace,,77,57Z6TJCTMACXxdrcwZ3Zvf,Phantom,87
4sY0lTSkfDMMt27cVvFT6o,Rico Ace,,77,5uz5v1hRZLjNGatcPtOWUv,LV Sandals,84
4sY0lTSkfDMMt27cVvFT6o,Rico Ace,,77,2pPNAgcdgtRMwK9mPYMK7O,Cali Man,81
4sY0lTSkfDMMt27cVvFT6o,Rico Ace,,77,2NLOyWzztMiW5FmNhD83K6,Mist,78
4sY0lTSkfDMMt27cVvFT6o,Rico Ace,,77,2ZuMOcabaMzyXPPjFoYQGe,Palaces,72
4sY0lTSkfDMMt27cVvFT6o,Rico Ace,,77,7H90WucIF921NR5leLriX7,Bally,66
4sY0lTSkfDMMt27cVvFT6o,Rico Ace,,77,6P0UrNH92CJrYjksspYmkH,Him Again,55
4sY0lTSkfDMMt27cVvFT6o,Rico Ace,,77,36FV8MQ2dr18b19QynCbyR,Gettin' It In,54
4sY0lTSkfDMMt27cVvFT6o,Rico Ace,,77,0CqzRhQDrfbICRmp1VKoK6,H3LLO.,54
4sY0lTSkfDMMt27cVvFT6o,Rico Ace,,77,4ZBHFaDJKddxrcwKiWIHbp,Chilli,50
0V2oXYR7DtrZAEFeILRW2r,Lvbel C5,"turkish hip hop, drill, turkish pop",77,0P45YtqtAT6AkNDDX1lySE,COOOK PARDON,80
0V2oXYR7DtrZAEFeILRW2r,Lvbel C5,"turkish hip hop, drill, turkish pop",77,28TeosAOQZvsftj5ZxucaX,TAK TAK TAK,78
0V2oXYR7DtrZAEFeILRW2r,Lvbel C5,"turkish hip hop, drill, turkish pop",77,4UzAPluTbjdlyyhfE00REO,MERMER,73
0V2oXYR7DtrZAEFeILRW2r,Lvbel C5,"turkish hip hop, drill, turkish pop",77,3ic4P54j8y17su29vAGYD5,TİKTOK,73
0V2oXYR7DtrZAEFeILRW2r,Lvbel C5,"turkish hip hop, drill, turkish pop",77,5qzoVhaHblEfeVtBwrTIap,PEKİ PEKİ,71
0V2oXYR7DtrZAEFeILRW2r,Lvbel C5,"turkish hip hop, drill, turkish pop",77,076Dr6X4H6hoAML95QVlhn,TEMPO,71
0V2oXYR7DtrZAEFeILRW2r,Lvbel C5,"turkish hip hop, drill, turkish pop",77,4J49WukjRkDHgnqLdwRy8Z,dubaiiiiii,71
0V2oXYR7DtrZAEFeILRW2r,Lvbel C5,"turkish hip hop, drill, turkish pop",77,1JfnsJvlIAUyGrXtielXmG,ANLADIM SENİ,69
0V2oXYR7DtrZAEFeILRW2r,Lvbel C5,"turkish hip hop, drill, turkish pop",77,4ZIVLxdUA4a2KBSPvD3Cxk,HAVHAVHAV,65
0V2oXYR7DtrZAEFeILRW2r,Lvbel C5,"turkish hip hop, drill, turkish pop",77,4am1HRe1AbECdzyYfiwwW9,HA HA HA HA,65
3pc0bOVB5whxmD50W79wwO,keshi,,75,2aL4lMGhWdPpyPL6COPou7,Soft Spot,76
3pc0bOVB5whxmD50W79wwO,keshi,,75,72sfmdpuO5r8cBDgs7MqZZ,UNDERSTAND,76
3pc0bOVB5whxmD50W79wwO,keshi,,75,2bdVgAQgosGUJoViVDNeOV,LIMBO,73
3pc0bOVB5whxmD50W79wwO,keshi,,75,0XWf8CRB6IptewumZDi5b6,WANTCHU,73
3pc0bOVB5whxmD50W79wwO,keshi,,75,1Fhb9iJPufNMZSwupsXiRe,beside you,70
3pc0bOVB5whxmD50W79wwO,keshi,,75,49PPH7Kji3bCyKKNx78SxS,Say,69
3pc0bOVB5whxmD50W79wwO,keshi,,75,5SlU0Yhi51jobhEiGE4xDv,2 soon,69
3pc0bOVB5whxmD50W79wwO,keshi,,75,7AaCqnFCdfEKesBwSzS8NQ,Bodies,68
3pc0bOVB5whxmD50W79wwO,keshi,,75,7ivYWXqrPLs66YwakDuSim,like i need u,67
3pc0bOVB5whxmD50W79wwO,keshi,,75,1hWDc5jD5br9pXSOtubFlf,IT'S YOU (feat. keshi),67
1anyVhU62p31KFi8MEzkbf,Chance the Rapper,,75,6TaqooOXAEcijL6G1AWS2K,All My Friends (feat. Tinashe & Chance the Rapper),68
1anyVhU62p31KFi8MEzkbf,Chance the Rapper,,75,6Xgq7MvZiet0hVi3KaDSgJ,Holy (feat. Chance The Rapper),67
1anyVhU62p31KFi8MEzkbf,Chance the Rapper,,75,4mG24hii9mpF0DbhpB0oW8,Cocoa Butter Kisses,65
1anyVhU62p31KFi8MEzkbf,Chance the Rapper,,75,0v9Wz8o0BT8DU38R4ddjeH,No Problem (feat. Lil Wayne & 2 Chainz),64
1anyVhU62p31KFi8MEzkbf,Chance the Rapper,,75,4wuCQX7JvAZLlrcmH4AeZF,Cross Me (feat. Chance the Rapper & PnB Rock),61
1anyVhU62p31KFi8MEzkbf,Chance the Rapper,,75,60xaS8mYBKUW4VQQ666N0T,All Night (feat. Knox Fortune),61
1anyVhU62p31KFi8MEzkbf,Chance the Rapper,,75,1tyCvK8fhQ1UUVK0nY1JlH,Favorite Song,57
1anyVhU62p31KFi8MEzkbf,Chance the Rapper,,75,3eze1OsZ1rqeXkKStNfTmi,Juke Jam (feat. Justin Bieber & Towkio),57
1anyVhU62p31KFi8MEzkbf,Chance the Rapper,,75,3CwLcNeac7m8ideW4m7AC6,Still Get Chanel (feat. Chance The Rapper),56
1anyVhU62p31KFi8MEzkbf,Chance the Rapper,,75,28aa0V0fyUENFIKxorRqw7,Don't Wait - Chance The Rapper & The Social Experiment Remix,40
1oH2B8tcHn4Gpl2bmmyd4A,La Santa Grifa,"mexican hip hop, latin hip hop, sad sierreño",78,0IBhXEEKXhv0bdpboaw5M3,Sabanas Blancas,79
1oH2B8tcHn4Gpl2bmmyd4A,La Santa Grifa,"mexican hip hop, latin hip hop, sad sierreño",78,4dWY6RpM9zmYvwqxrNvwtV,Tocame,78
1oH2B8tcHn4Gpl2bmmyd4A,La Santa Grifa,"mexican hip hop, latin hip hop, sad sierreño",78,2pPjtn3Pd3nTueJXeizwGk,Niña Elegante,73
1oH2B8tcHn4Gpl2bmmyd4A,La Santa Grifa,"mexican hip hop, latin hip hop, sad sierreño",78,6Ydl0XXvzCjE25xDLbV7Qf,Regresen el Tiempo,73
1oH2B8tcHn4Gpl2bmmyd4A,La Santa Grifa,"mexican hip hop, latin hip hop, sad sierreño",78,2CRXFBkRh0V7FZL5kuiqdO,Amnesia,73
1oH2B8tcHn4Gpl2bmmyd4A,La Santa Grifa,"mexican hip hop, latin hip hop, sad sierreño",78,3R0PgPUdZUtd6dGq6yRwc7,Piel Con Piel,72
1oH2B8tcHn4Gpl2bmmyd4A,La Santa Grifa,"mexican hip hop, latin hip hop, sad sierreño",78,0ZGklobMQKBTtfwcuYEGWE,Dejate Querer,71
1oH2B8tcHn4Gpl2bmmyd4A,La Santa Grifa,"mexican hip hop, latin hip hop, sad sierreño",78,28SOEtquasClOf55g4PA6N,Solo Mintio,70
1oH2B8tcHn4Gpl2bmmyd4A,La Santa Grifa,"mexican hip hop, latin hip hop, sad sierreño",78,56ZMnyvW7uO9sJoTVHNBxs,Monalisa,69
1oH2B8tcHn4Gpl2bmmyd4A,La Santa Grifa,"mexican hip hop, latin hip hop, sad sierreño",78,7LdLq9qpjRDksIQlO5EyAQ,Mi Clero,68
1scVfBymTr3CeZ4imMj1QJ,Forrest Frank,"christian, christian pop, christian hip hop, worship, gospel r&b",78,0vC82BouGPXm6X2K60RfQw,GOOD DAY,75
1scVfBymTr3CeZ4imMj1QJ,Forrest Frank,"christian, christian pop, christian hip hop, worship, gospel r&b",78,7JDfWHxOFo63yQmVs5wSPM,YOUR WAY'S BETTER,74
1scVfBymTr3CeZ4imMj1QJ,Forrest Frank,"christian, christian pop, christian hip hop, worship, gospel r&b",78,1Bgj8C4oHOR5M3wuzb6Mmq,UP!,73
1scVfBymTr3CeZ4imMj1QJ,Forrest Frank,"christian, christian pop, christian hip hop, worship, gospel r&b",78,25f7KnoDqO7nBbPahi15UE,NEVER GET USED TO THIS,72
1scVfBymTr3CeZ4imMj1QJ,Forrest Frank,"christian, christian pop, christian hip hop, worship, gospel r&b",78,3YcoI7A3ZAwskqcvF5BYuB,LIFT MY HANDS,71
1scVfBymTr3CeZ4imMj1QJ,Forrest Frank,"christian, christian pop, christian hip hop, worship, gospel r&b",78,3lDONs5jdDxJIHovAwgtsc,JESUS IS COMING BACK SOON,70
1scVfBymTr3CeZ4imMj1QJ,Forrest Frank,"christian, christian pop, christian hip hop, worship, gospel r&b",78,10ngdDwCfjLTdFqDnkE2Jg,NOTHING ELSE,69
1scVfBymTr3CeZ4imMj1QJ,Forrest Frank,"christian, christian pop, christian hip hop, worship, gospel r&b",78,7anCH1IPfW8Jsjhw5ZViuN,NO LONGER BOUND,69
1scVfBymTr3CeZ4imMj1QJ,Forrest Frank,"christian, christian pop, christian hip hop, worship, gospel r&b",78,29UECtQE2aqbuHIjvAlAU8,LEMONADE,68
1scVfBymTr3CeZ4imMj1QJ,Forrest Frank,"christian, christian pop, christian hip hop, worship, gospel r&b",78,1hRNPO5VMUdIXijSs2DAgt,GOD'S GOT MY BACK,65
7y97mc3bZRFXzT2szRM4L4,Frédéric Chopin,"classical piano, classical",75,2MSgFefjK0T7Iwjvr3OKqV,"Chopin: Nocturne No. 20 in C-Sharp Minor, Op. Posth.",68
7y97mc3bZRFXzT2szRM4L4,Frédéric Chopin,"classical piano, classical",75,1VNvsvEsUpuUCbHpVop1vo,"Nocturne No. 2 in E-Flat Major, Op. 9 No. 2",67
7y97mc3bZRFXzT2szRM4L4,Frédéric Chopin,"classical piano, classical",75,2d6ml9Qkx8r4EjuUyrdpRV,"Nocturne No. 1 in B-Flat Minor, Op. 9 No. 1",65
7y97mc3bZRFXzT2szRM4L4,Frédéric Chopin,"classical piano, classical",75,61YM5SkqqeUjIBL7It56cs,Nocturne Op. 9 No. 2,64
7y97mc3bZRFXzT2szRM4L4,Frédéric Chopin,"classical piano, classical",75,71MpmxCJ1TW05c7Fvv1SfI,"Waltz No. 19 in A minor, Op. posth.",64
7y97mc3bZRFXzT2szRM4L4,Frédéric Chopin,"classical piano, classical",75,1Xf4sNtMKc1xiUhuIPAUg2,"Prélude in E minor, Op. 28, No. 4",62
7y97mc3bZRFXzT2szRM4L4,Frédéric Chopin,"classical piano, classical",75,4hbvrHgfZ8lqFrPx1Ztd6j,"Chopin: Nocturne No. 8 in D-Flat Major, Op. 27 No. 2",61
7y97mc3bZRFXzT2szRM4L4,Frédéric Chopin,"classical piano, classical",75,7n92QzQomRCLlciO14X0kd,"Nocturne en Mi Bémol Majeur, Op. 9 No. 2",61
7y97mc3bZRFXzT2szRM4L4,Frédéric Chopin,"classical piano, classical",75,0bcGY7mfG10QfeaDbz97hC,"Nocturne in C-sharp minor, B. 49",60
7y97mc3bZRFXzT2szRM4L4,Frédéric Chopin,"classical piano, classical",75,1kvbMqIV55jvuioqCsgbww,"Nocturne No. 19 in E Minor, Op. 72 No. 1",57
0LKAV3zJ8a8AIGnyc5OvfB,SDM,"french rap, french r&b, pop urbaine",77,1Mzg6bu3hkCwJKEf7v49MN,CARTIER SANTOS,76
0LKAV3zJ8a8AIGnyc5OvfB,SDM,"french rap, french r&b, pop urbaine",77,0EzNyXyU7gHzj2TN8qYThj,Bolide allemand,73
0LKAV3zJ8a8AIGnyc5OvfB,SDM,"french rap, french r&b, pop urbaine",77,5jX61gvbNenSDMldQrbtsU,POUR ELLE,72
0LKAV3zJ8a8AIGnyc5OvfB,SDM,"french rap, french r&b, pop urbaine",77,15vGti1ooNZFlDUdlLukX6,Dolce Camara,71
0LKAV3zJ8a8AIGnyc5OvfB,SDM,"french rap, french r&b, pop urbaine",77,3UYNXXLHetyPKhX0vwF0d1,Soleil levant,71
0LKAV3zJ8a8AIGnyc5OvfB,SDM,"french rap, french r&b, pop urbaine",77,1xLCwgQcF6bKncTJmRGGws,Mr. Ocho,70
0LKAV3zJ8a8AIGnyc5OvfB,SDM,"french rap, french r&b, pop urbaine",77,6a5pKXuDODMRubAW7aXYOO,Tout donner,67
0LKAV3zJ8a8AIGnyc5OvfB,SDM,"french rap, french r&b, pop urbaine",77,6J91jbBDyoOJHl7te7EHiN,Parle moi,66
0LKAV3zJ8a8AIGnyc5OvfB,SDM,"french rap, french r&b, pop urbaine",77,3kKAbmfo52VNiNKF4oDAeY,Catalina,65
0LKAV3zJ8a8AIGnyc5OvfB,SDM,"french rap, french r&b, pop urbaine",77,5kYoKR0EwVa5mBZMEPXwmF,Run,64
3SgHzT552wy2W8pNLaLk24,Hillsong Worship,"worship, christian, pop worship, ccm, gospel",75,4eqajlNmGZTmwUxd0BIBSH,What A Beautiful Name,70
3SgHzT552wy2W8pNLaLk24,Hillsong Worship,"worship, christian, pop worship, ccm, gospel",75,3WDfiZYDY7cX4jluRUNpNz,King Of Kings,64
3SgHzT552wy2W8pNLaLk24,Hillsong Worship,"worship, christian, pop worship, ccm, gospel",75,44nEZfNM8UTyvfVkB4dxpk,Who You Say I Am,62
3SgHzT552wy2W8pNLaLk24,Hillsong Worship,"worship, christian, pop worship, ccm, gospel",75,4Zc5RZrsYWYRCqlKEEKSAn,Broken Vessels (Amazing Grace),61
3SgHzT552wy2W8pNLaLk24,Hillsong Worship,"worship, christian, pop worship, ccm, gospel",75,0IcX97hLqNMZ1O9nu8aOaS,This I Believe (The Creed),61
3SgHzT552wy2W8pNLaLk24,Hillsong Worship,"worship, christian, pop worship, ccm, gospel",75,6tsm8fIk1WCcFOZwVDDJX8,What A Beautiful Name - Live,61
3SgHzT552wy2W8pNLaLk24,Hillsong Worship,"worship, christian, pop worship, ccm, gospel",75,7u1KkKVuA5I4IRt5tJPeN8,Who You Say I Am - Live,60
3SgHzT552wy2W8pNLaLk24,Hillsong Worship,"worship, christian, pop worship, ccm, gospel",75,2gW5KYoHRLD99ojMzqYDw7,Here I Am To Worship - Live,58
3SgHzT552wy2W8pNLaLk24,Hillsong Worship,"worship, christian, pop worship, ccm, gospel",75,7pV1X0bQKW52GsYnMTydgF,Still - Live,52
3SgHzT552wy2W8pNLaLk24,Hillsong Worship,"worship, christian, pop worship, ccm, gospel",75,4nVrCNmKVOZAR617p653FW,Christ Is Enough,50
6Te49r3A6f5BiIgBRxH7FH,Ninho,"french rap, pop urbaine",80,0Jh6iWjna1wk5le0Ahn7No,La vie qu'on mène,73
6Te49r3A6f5BiIgBRxH7FH,Ninho,"french rap, pop urbaine",80,6WfnzeciIa1Ta661GY9hue,Vrais,72
6Te49r3A6f5BiIgBRxH7FH,Ninho,"french rap, pop urbaine",80,5oePa8PlOTPAlRaGs2OZ3A,Putana,71
6Te49r3A6f5BiIgBRxH7FH,Ninho,"french rap, pop urbaine",80,6e1T28Wkr7r8xciTXcwhKJ,Triple V,70
6Te49r3A6f5BiIgBRxH7FH,Ninho,"french rap, pop urbaine",80,5JM13iTVRsDYdPHAFKt9eq,Skywalker Haze - A COLORS SHOW,70
6Te49r3A6f5BiIgBRxH7FH,Ninho,"french rap, pop urbaine",80,0u6HzAVFUBiKslzPF9G9vd,Dis-moi que tu m'aimes,69
6Te49r3A6f5BiIgBRxH7FH,Ninho,"french rap, pop urbaine",80,3MVTefqbeNX5yHFOmnHy3X,Un Poco,69
6Te49r3A6f5BiIgBRxH7FH,Ninho,"french rap, pop urbaine",80,0WGkheeyehEdYiKFBeEr7s,SALE ÉTAT,66
6Te49r3A6f5BiIgBRxH7FH,Ninho,"french rap, pop urbaine",80,10rwyGbKAWZ8JZbL7uHl28,Lettre à une femme,61
6Te49r3A6f5BiIgBRxH7FH,Ninho,"french rap, pop urbaine",80,1qLbL03CPBqGt1fhcVQtN7,Air Max,56
5tIkxADHN80ca0K6HCpWIt,ZXKAI,"phonk, brazilian phonk",78,72YttnPRxyHe8zCG50jYhj,NO BATIDÃO - Slowed,86
5tIkxADHN80ca0K6HCpWIt,ZXKAI,"phonk, brazilian phonk",78,7vg9noSnFEyPfwLiaCW4vi,NO BATIDÃO,82
5tIkxADHN80ca0K6HCpWIt,ZXKAI,"phonk, brazilian phonk",78,6Py0YCpoNiGhG4Ft8Fpcw7,NO BATIDÃO - Super Slowed,77
5tIkxADHN80ca0K6HCpWIt,ZXKAI,"phonk, brazilian phonk",78,3yafElw2e0wjFl1AnevwOz,NO BATIDÃO - Ultra Slowed,75
5tIkxADHN80ca0K6HCpWIt,ZXKAI,"phonk, brazilian phonk",78,32aXDvXy4eYqQnXfD9pbh9,MONTAGEM BRAVO - Slowed,67
5tIkxADHN80ca0K6HCpWIt,ZXKAI,"phonk, brazilian phonk",78,3XH3fnc7ooUrPX4pmHPkDg,SEM PRADA - Super Slowed,64
5tIkxADHN80ca0K6HCpWIt,ZXKAI,"phonk, brazilian phonk",78,0XTwKqcHDvIrnw2rXAN5rS,SEM PRADA,62
5tIkxADHN80ca0K6HCpWIt,ZXKAI,"phonk, brazilian phonk",78,0O9ykElcmCXYpBivtW8iUZ,MONTAGEM VOLTA,61
5tIkxADHN80ca0K6HCpWIt,ZXKAI,"phonk, brazilian phonk",78,5UhNOBmPr66FK9jqrV9k0m,MONTAGEM BRAVO,57
5tIkxADHN80ca0K6HCpWIt,ZXKAI,"phonk, brazilian phonk",78,0vtVVn1fenxLvhv02kTMd8,MONTAGEM VOLTA - Slowed,56
6bDWAcdtVR3WHz2xtiIPUi,Fujii Kaze,j-pop,75,0o9zmvc5f3EFApU52PPIyW,Shinunoga E-Wa,77
6bDWAcdtVR3WHz2xtiIPUi,Fujii Kaze,j-pop,75,51oc6MEsXTpnPn6GOw5VuP,きらり,73
6bDWAcdtVR3WHz2xtiIPUi,Fujii Kaze,j-pop,75,0IByNT868RxZwmcj1rQgno,Prema,71
6bDWAcdtVR3WHz2xtiIPUi,Fujii Kaze,j-pop,75,7AMGgAPFczs3wJgMqu6Eqi,Matsuri,67
6bDWAcdtVR3WHz2xtiIPUi,Fujii Kaze,j-pop,75,45uzEq3hAOy8uayrvDLY2C,Love Like This,65
6bDWAcdtVR3WHz2xtiIPUi,Fujii Kaze,j-pop,75,3Aj0zsny1zlTLevRxfEEKc,Hachikō,65
6bDWAcdtVR3WHz2xtiIPUi,Fujii Kaze,j-pop,75,4hsEFcCA7AL5hlKG4PRp2Z,Michi Teyu Ku (Overflowing),63
6bDWAcdtVR3WHz2xtiIPUi,Fujii Kaze,j-pop,75,2vMc8rqFmqs7RFi8NDx0CJ,Garden,61
6bDWAcdtVR3WHz2xtiIPUi,Fujii Kaze,j-pop,75,02tNuntKQsoou5T4O8meyh,Hana,61
6bDWAcdtVR3WHz2xtiIPUi,Fujii Kaze,j-pop,75,6SyvPeEmj4yBblsKIyiGqT,Tabiji,53
3ipn9JLAPI5GUEo4y4jcoi,Ludacris,southern hip hop,78,3nMb7ToWIxYvmaIG20z6ux,Tonight (I'm Fuckin' You),66
3ipn9JLAPI5GUEo4y4jcoi,Ludacris,southern hip hop,78,4LwOrnuxJwR7C5Sw4liY4Z,What's Your Fantasy (Featuring Shawna),66
3ipn9JLAPI5GUEo4y4jcoi,Ludacris,southern hip hop,78,3bMNprrp2JDKZsGbiXpsJl,My Chick Bad,65
3ipn9JLAPI5GUEo4y4jcoi,Ludacris,southern hip hop,78,1Q9b6CeMcDuO0uq5OJCrqu,Move Bitch,64
3ipn9JLAPI5GUEo4y4jcoi,Ludacris,southern hip hop,78,3lcC9CnN7Rpo1ugATzmYjY,Area Codes,64
3ipn9JLAPI5GUEo4y4jcoi,Ludacris,southern hip hop,78,3njpLvANriMsdv3dgADEad,Get Back,63
3ipn9JLAPI5GUEo4y4jcoi,Ludacris,southern hip hop,78,1WtTLtofvcjQM3sXSMkDdX,How Low,63
3ipn9JLAPI5GUEo4y4jcoi,Ludacris,southern hip hop,78,26liGJfeDiHLVn0qTETkt1,Blueberry Yum Yum,63
3ipn9JLAPI5GUEo4y4jcoi,Ludacris,southern hip hop,78,0RMr1YqH6Mv6HeklKsl76e,Act A Fool,61
3ipn9JLAPI5GUEo4y4jcoi,Ludacris,southern hip hop,78,2CtCwQhY0ZLvr8L2l8Bo6e,Stand Up,61
1CcZoULzFHa8Uhwo6OlQcp,Semicenk,"turkish pop, arabesk, turkish hip hop",75,4SJjMPowhsrYSWgxM61yxm,Çıkmaz Bir Sokakta,81
1CcZoULzFHa8Uhwo6OlQcp,Semicenk,"turkish pop, arabesk, turkish hip hop",75,0VOnehekjQz9cvUwLzmYSQ,Sen Kaldın,78
1CcZoULzFHa8Uhwo6OlQcp,Semicenk,"turkish pop, arabesk, turkish hip hop",75,2ciOT2HoX5rjkARUQiO0P6,Kalpsiz,76
1CcZoULzFHa8Uhwo6OlQcp,Semicenk,"turkish pop, arabesk, turkish hip hop",75,1PkXm3F4IHE4cwm3D9y1tr,Sabrettim,73
1CcZoULzFHa8Uhwo6OlQcp,Semicenk,"turkish pop, arabesk, turkish hip hop",75,3XZDLNS43nxBJ6HmAlVMGp,Gözlerinden Gözlerine,72
1CcZoULzFHa8Uhwo6OlQcp,Semicenk,"turkish pop, arabesk, turkish hip hop",75,38d47UiHhyu4wdbPYz0ZUB,Onlar Anlamaz Halden,70
1CcZoULzFHa8Uhwo6OlQcp,Semicenk,"turkish pop, arabesk, turkish hip hop",75,3Gpffv3gaD1UxQPeElIjCp,Batık Gemi,68
1CcZoULzFHa8Uhwo6OlQcp,Semicenk,"turkish pop, arabesk, turkish hip hop",75,3XqVExsAlVN7UDcEUjwqmy,İlkbaharım Kışa Döndü,67
1CcZoULzFHa8Uhwo6OlQcp,Semicenk,"turkish pop, arabesk, turkish hip hop",75,6suiWjfetKjckJHGveNhI0,Bozulmuş Kalbim,67
1CcZoULzFHa8Uhwo6OlQcp,Semicenk,"turkish pop, arabesk, turkish hip hop",75,0mYqW8vhiw9rgwSwB21JQz,Canın Sağ Olsun,66
3gBZUcNeVumkeeJ19CY2sX,Ken Carson,rage rap,78,26QJuQfM8PVAWkIm1JRyqq,ss,77
3gBZUcNeVumkeeJ19CY2sX,Ken Carson,rage rap,78,2c7sRekhMGlj7u1WIIzoQu,Fighting My Demons,73
3gBZUcNeVumkeeJ19CY2sX,Ken Carson,rage rap,78,0AsznzqG4tJ0qnrWBZHrJO,yes,73
3gBZUcNeVumkeeJ19CY2sX,Ken Carson,rage rap,78,0RJaSzzb7t8kaEb5LzPFJC,margiela,72
3gBZUcNeVumkeeJ19CY2sX,Ken Carson,rage rap,78,7LLIyWvrVCoOW35WqG9Jx7,catastrophe,72
3gBZUcNeVumkeeJ19CY2sX,Ken Carson,rage rap,78,722NAIXkI6WRNvu9O7JkdH,overseas,71
3gBZUcNeVumkeeJ19CY2sX,Ken Carson,rage rap,78,7sdHMJvhKib3ReVPsZFbrf,Rock N Roll,70
3gBZUcNeVumkeeJ19CY2sX,Ken Carson,rage rap,78,66yPalPs9DrhbGb9gR3vD9,Yale,67
3gBZUcNeVumkeeJ19CY2sX,Ken Carson,rage rap,78,1LsisG6aoqfsF1r6M4LpMO,Blakk Rokkstar,67
3gBZUcNeVumkeeJ19CY2sX,Ken Carson,rage rap,78,3YBU7JlsPHIXhEuc7OXrIT,i need u,67
3DHtfeD4PsmR9YGhCP4VF7,Nemzzz,"uk drill, drill",75,4YnC3EgoRzP14QXVDBuTfF,Redemption (feat. Nemzzz),72
3DHtfeD4PsmR9YGhCP4VF7,Nemzzz,"uk drill, drill",75,38a8FVRPALCA2IYGcVMVOv,Spinnin (feat. Nemzzz) - Segway Remix,70
3DHtfeD4PsmR9YGhCP4VF7,Nemzzz,"uk drill, drill",75,3CEXwOz5DRkZNlIiHFgPet,8PM,70
3DHtfeD4PsmR9YGhCP4VF7,Nemzzz,"uk drill, drill",75,0a66FPlQojQPT28qLEI952,PTSD,70
3DHtfeD4PsmR9YGhCP4VF7,Nemzzz,"uk drill, drill",75,178n1tTLTmsIyxBTQdcAJM,DILEMMA (feat. Central Cee),70
3DHtfeD4PsmR9YGhCP4VF7,Nemzzz,"uk drill, drill",75,7H5CsjEafNygkvcm69RevN,COLD,69
3DHtfeD4PsmR9YGhCP4VF7,Nemzzz,"uk drill, drill",75,43nqv4QZLdroszZ03wKCCh,Escape,69
3DHtfeD4PsmR9YGhCP4VF7,Nemzzz,"uk drill, drill",75,1XOkwSEuFloCRyxQdTJS1h,Brilliant Mind II,68
3DHtfeD4PsmR9YGhCP4VF7,Nemzzz,"uk drill, drill",75,0rwOtnvfoBHa443aTwjSlu,2MS,67
3DHtfeD4PsmR9YGhCP4VF7,Nemzzz,"uk drill, drill",75,24fWOmkqeWMdAxiOiuXt0k,ART (feat. Latto),67
